Timestamp,Usuário,Canal,Mensagem
Timestamp,Usuário,Canal,Mensagem
2025-04-02 18:00:57,streamelements,djbillbh,Thank you for following subze2004 :)
2025-04-02 18:01:00,adagio_banana,djbillbh,regoleNODDERS regoleNODDERS regoleNODDERS regoleNODDERS
2025-04-02 18:01:05,subze2004,djbillbh,hellohello
2025-04-02 18:01:14,streamelements,djbillbh,Thank you for following Foresti69 :)
2025-04-02 18:01:22,thepururukss,djbillbh,@cms_AnaReis <3
2025-04-02 18:01:44,toobueller,djbillbh,olliep6Pbjellytime olliep6Pbjellytime olliep6Pbjellytime olliep6Pbjellytime olliep6Pbjellytime
2025-04-02 18:02:14,toobueller,djbillbh,relaxa25Vinill djbill3Gira dsaRose djbill3Gira relaxa25Vinill
2025-04-02 18:02:47,elbrujo_elmago,djbillbh,Saludos Brother from Berlin. Radio Hobo
2025-04-02 18:03:03,elbrujo_elmago,djbillbh,nice setup
2025-04-02 18:03:04,streamelements,djbillbh,Thank you for following lukaooriginal :)
2025-04-02 18:03:17,streamelements,djbillbh,Thank you for following lyi_salmos :)
2025-04-02 18:03:41,cms_anareis,djbillbh,@elbrujo_elmago welcome to the vibesss
2025-04-02 18:04:35,governodoriodejaneiro,alanzoka,@MyLittleP0lly OMEGALUL
2025-04-02 18:04:35,sakachii_,alanzoka,natsu3Noted
2025-04-02 18:04:38,netintwitch,alanzoka,o alan tu viu o elenco de vingadores doomsday? a amrvel fez uma live
2025-04-02 18:04:38,slakk25,alanzoka,vende o Junior
2025-04-02 18:04:43,srmelancia,alanzoka,EU VO FAZE UM LEILAAAAO catJAM
2025-04-02 18:04:43,believemystica,alanzoka,alanzShrug
2025-04-02 18:04:44,ocalanguin,alanzoka,",,"
2025-04-02 18:04:44,philipesantos,alanzoka,eu vou fazer um leilao
2025-04-02 18:04:44,gabriell_hz,alanzoka,o pix mais alto
2025-04-02 18:04:45,juniorferreira,alanzoka,"O filme com um final em aberto, desde essa época eu já revolucionando a indústria cinematográfica @alanzoka pena que não dão valor"
2025-04-02 18:04:46,ankabov,alanzoka,eu vou fazer um leilão peepoPls
2025-04-02 18:04:46,tpmachado,alanzoka,esteilas?
2025-04-02 18:04:47,xxnarcizoxx,alanzoka,lance
2025-04-02 18:04:47,silvermist_h,alanzoka,vende o junior
2025-04-02 18:04:47,zecapaugordinho18cm,alanzoka,Seu direto ta desanimado
2025-04-02 18:04:48,ojotave0,alanzoka,lance
2025-04-02 18:04:49,painkillers8,alanzoka,lance
2025-04-02 18:04:49,literalmente_abraao,alanzoka,lance
2025-04-02 18:04:49,elyjr01,alanzoka,lance
2025-04-02 18:04:49,cumadii,alanzoka,lance
2025-04-02 18:04:50,zezinold,alanzoka,Lance
2025-04-02 18:04:51,limameinocarro,alanzoka,Lance
2025-04-02 18:04:51,mythfallz,alanzoka,lance
2025-04-02 18:04:51,springseasons,alanzoka,@srmelancia teu cu na minha mao squchaPdance
2025-04-02 18:04:53,diogolarson0,alanzoka,Lance
2025-04-02 18:04:54,emilioeisabella,alanzoka,lance
2025-04-02 18:04:54,fredmaga,alanzoka,Lance
2025-04-02 18:04:54,crazynho1,alanzoka,eu lembro
2025-04-02 18:04:55,vomaifa1,alanzoka,9
2025-04-02 18:04:55,ultraphill,alanzoka,Bid = Oferta
2025-04-02 18:04:57,sakachii_,alanzoka,sev7Loading
2025-04-02 18:04:58,juniorferreira,alanzoka,StinkyGlitch
2025-04-02 18:04:58,believemystica,alanzoka,alanzDerp
2025-04-02 18:04:59,lunet___,alanzoka,ue
2025-04-02 18:04:59,miguelgomes1233,alanzoka,StinkyGlitch
2025-04-02 18:05:00,ozyyu,alanzoka,Pior que há muitos filmes antigos bons; dos anos 40 e 50.
2025-04-02 18:05:00,wellfoxs,alanzoka,hire that famous actor Eduardo Benvenuti
2025-04-02 18:05:01,jacintopintofirme,alanzoka,oferta
2025-04-02 18:05:01,hansen_kt,alanzoka,espirra o lança
2025-04-02 18:05:01,pizzakase2,alanzoka,Oxi the Sins de 2005?
2025-04-02 18:05:01,believemystica,alanzoka,A
2025-04-02 18:05:01,ycastelan,alanzoka,boa
2025-04-02 18:05:02,lunet___,alanzoka,Pepega
2025-04-02 18:05:02,juniorferreira,alanzoka,jupiterrRISOS
2025-04-02 18:05:03,slakk25,alanzoka,é só um lance catJAM catJAM catJAM
2025-04-02 18:05:06,sakachii_,alanzoka,natsu3Worry
2025-04-02 18:05:06,paulominozzo,alanzoka,lance perfume
2025-04-02 18:05:07,believemystica,alanzoka,eavNod
2025-04-02 18:05:07,annabethblue,alanzoka,StinkyGlitch
2025-04-02 18:05:08,srmelancia,alanzoka,@SpringSeasons Despairge
2025-04-02 18:05:09,emilioeisabella,alanzoka,ali ó
2025-04-02 18:05:11,dudoreh,alanzoka,O titulo dessa live . 10/10
2025-04-02 18:05:11,yesterdaylandys,alanzoka,Pepega
2025-04-02 18:05:14,cassio_oloko,alanzoka,alanzSip
2025-04-02 18:05:15,piadodjanh0,alanzoka,oi
2025-04-02 18:05:22,believemystica,alanzoka,Botou
2025-04-02 18:05:22,vomaifa1,alanzoka,e o canal de minecraft n vai lançar mais video alan?
2025-04-02 18:05:22,a_n_d_e_r__,alanzoka,"@alanzoka aumenta o tempo do filme , ta miojo time"
2025-04-02 18:05:24,crazynho1,alanzoka,faz moh barulhao OMEGALUL
2025-04-02 18:05:29,springseasons,alanzoka,imagina trabalhar nessa empresa e o unico banheiro é os quimico 💔
2025-04-02 18:05:30,cassio_oloko,alanzoka,é bom mesmo alanzB
2025-04-02 18:05:32,allecara,alanzoka,banheiro no meio do caminho
2025-04-02 18:05:34,sakachii_,alanzoka,aewithSit
2025-04-02 18:05:39,believemystica,alanzoka,Dá?
2025-04-02 18:05:39,welington58,alanzoka,!nuuvem
2025-04-02 18:05:39,nightbot,alanzoka,Compre jogos e gift cards mais baratos! Use o cupom ALANZOKA para obter 10% OFF https://bit.ly/alanzoka__nuuvem
2025-04-02 18:05:40,hitashitwitch,alanzoka,coloca árvore em volta
2025-04-02 18:05:40,slakk25,alanzoka,alanzShrug
2025-04-02 18:05:41,piadodjanh0,alanzoka,a
2025-04-02 18:05:41,ankabov,alanzoka,e quem limpa esse lugar
2025-04-02 18:05:41,giiizoka,alanzoka,peepoPopcorn
2025-04-02 18:05:44,tal_do_corona,alanzoka,ele falou algo sobre a live de ontem?
2025-04-02 18:05:51,believemystica,alanzoka,E matinho também
2025-04-02 18:05:53,apol0gam,alanzoka,QUANDO VOCÊ COMEÇAR A ESCREVER O ROTEIRO O FILME VAI MELHORAR alanzPOP alanzPOP alanzPOP alanzPOP
2025-04-02 18:05:54,believemystica,alanzoka,Que
2025-04-02 18:05:55,theiago,alanzoka,Eu acho que o nome do próximo filme poderia ser Plástico hein alanzoka seria dahora
2025-04-02 18:05:55,crazynho1,alanzoka,nilaYikes
2025-04-02 18:05:55,governodoriodejaneiro,alanzoka,alanzGorfo
2025-04-02 18:05:56,hitashitwitch,alanzoka,@tal_do_corona falou
2025-04-02 18:05:59,juniorferreira,alanzoka,Cagar no mato
2025-04-02 18:06:00,annabethblue,alanzoka,alanzGorfo
2025-04-02 18:06:00,lunet___,alanzoka,alanzGorfo
2025-04-02 18:06:00,believemystica,alanzoka,Kkkkkkkkkkkkkkkkkkkkkkkkkkkkkkkk
2025-04-02 18:06:01,slakk25,alanzoka,@tal_do_corona oq tem pra falar
2025-04-02 18:06:03,karol_from_thebordelands,alanzoka,kkkkkkkkkkkk
2025-04-02 18:06:03,batsuke,alanzoka,"@tal_do_corona sim, era um enigma"
2025-04-02 18:06:03,sakachii_,alanzoka,yuyixFear
2025-04-02 18:06:04,cassio_oloko,alanzoka,alanzDerp
2025-04-02 18:06:04,srmelancia,alanzoka,KKKKKKKKKKKKKKKKKKKKKKKKKK
2025-04-02 18:06:04,mylittlep0lly,alanzoka,D:
2025-04-02 18:06:05,vomaifa1,alanzoka,ta podi
2025-04-02 18:06:05,guschch,alanzoka,KKona
2025-04-02 18:06:07,srmelancia,alanzoka,quase que o junior vai
2025-04-02 18:06:08,believemystica,alanzoka,Mano
2025-04-02 18:06:09,crazynho1,alanzoka,@Juniorferreira esse é o nosso diretor
2025-04-02 18:06:12,delicatta,alanzoka,Quero um filme de romance
2025-04-02 18:06:13,shinobusy,alanzoka,filme de 1 ator é foda
2025-04-02 18:06:14,believemystica,alanzoka,eavLUL
2025-04-02 18:06:15,slakk25,alanzoka,alanzGorfo
2025-04-02 18:06:16,espaguete_cosmic0,alanzoka,Despairge  gore
2025-04-02 18:06:17,juniorferreira,alanzoka,@crazynho1 niloWc
2025-04-02 18:06:18,mylittlep0lly,alanzoka,KKKKKKKKKKKKK
2025-04-02 18:06:19,guaxinimgotica,alanzoka,!jogo
2025-04-02 18:06:19,nightbot,alanzoka,Jogo atual: The Movies
2025-04-02 18:06:21,apol0gam,alanzoka,FICA ATÉ UM AR MELHOR
2025-04-02 18:06:21,biaoliveiraxo,alanzoka,o cara é MT fluente em inglês
2025-04-02 18:06:21,sakachii_,alanzoka,yuyixSideeye
2025-04-02 18:06:22,believemystica,alanzoka,Kkkkkkkkkkkkkkkkkkkkkkkkkkkkkkkk
2025-04-02 18:06:23,rynpxo,alanzoka,pepeD
2025-04-02 18:06:23,crazynho1,alanzoka,@Juniorferreira SADOIAFOÇIJAS´DGOIJFKASD
2025-04-02 18:06:28,eithaa,alanzoka,alanzGorfo
2025-04-02 18:06:28,douglasods,alanzoka,poha alan coloca banheiro mais afastado n pode nem cagar em paz
2025-04-02 18:06:29,springseasons,alanzoka,oxe tinha 2 pessoas em 1 banheiro?
2025-04-02 18:06:30,ankabov,alanzoka,to sentindo daqui ainda
2025-04-02 18:06:31,batsuke,alanzoka,bota umas rosas
2025-04-02 18:06:32,rynpxo,alanzoka,catJAM
2025-04-02 18:06:32,giovanni_ken,alanzoka,!JOGO
2025-04-02 18:06:32,nightbot,alanzoka,Jogo atual: The Movies
2025-04-02 18:06:33,srmelancia,alanzoka,no the sims vc nao fazia casa bonita assim
2025-04-02 18:06:36,sakachii_,alanzoka,tubboNod
2025-04-02 18:06:37,believemystica,alanzoka,Né
2025-04-02 18:06:38,manuzitaoliveira,alanzoka,!jogo
2025-04-02 18:06:38,governodoriodejaneiro,alanzoka,@SpringSeasons HUHH
2025-04-02 18:06:38,juniorferreira,alanzoka,Linda
2025-04-02 18:06:38,cassio_oloko,alanzoka,fico alanzChef
2025-04-02 18:06:38,believemystica,alanzoka,eavNod
2025-04-02 18:06:39,leonardo_cavv,alanzoka,Ficou?
2025-04-02 18:06:39,apol0gam,alanzoka,FICOU
2025-04-02 18:06:40,ozyyu,alanzoka,"Hora de um próximo diretor, o Taradino"
2025-04-02 18:06:41,slakk25,alanzoka,NODDERS
2025-04-02 18:06:41,juliasgabriela,alanzoka,ficou
2025-04-02 18:06:42,heylucaoo,alanzoka,10%
2025-04-02 18:06:42,dearmargarida,alanzoka,não
2025-04-02 18:06:42,waynlee_,alanzoka,Pontro
2025-04-02 18:06:42,tiodeivis,alanzoka,"da ate vontade de cagar,"
2025-04-02 18:06:42,silixplay,alanzoka,quero ver logo em breve um filme sobre um gato laraja que ama comer lasanha e estourar o cartão do dono
2025-04-02 18:06:44,ioio095,alanzoka,Eu moraria ai
2025-04-02 18:06:44,gustabritz,alanzoka,Uau
2025-04-02 18:06:45,tonhodobem_,alanzoka,fico
2025-04-02 18:06:45,lunet___,alanzoka,ficou
2025-04-02 18:06:47,emilioeisabella,alanzoka,"acho que agr eu quero trampar cntg alinho, até de graça"
2025-04-02 18:06:48,springseasons,alanzoka,"parece sao paulo, bota 2 arvores e chama de parque"
2025-04-02 18:06:51,1pao10reais,alanzoka,EU
2025-04-02 18:06:52,believemystica,alanzoka,Vamo querer Juninho eavCheer
2025-04-02 18:06:52,sakachii_,alanzoka,yuyixBongo
2025-04-02 18:06:53,manuzitaoliveira,alanzoka,!game
2025-04-02 18:06:53,juniorferreira,alanzoka,:)
2025-04-02 18:06:53,nightbot,alanzoka,Jogo atual: The Movies
2025-04-02 18:06:55,believemystica,alanzoka,A
2025-04-02 18:06:56,ocaaca,alanzoka,kkkkkkkkkkkkkkkkk q porra de jogo bom
2025-04-02 18:06:56,cassio_oloko,alanzoka,alanzThink
2025-04-02 18:06:57,springseasons,alanzoka,vai toby
2025-04-02 18:06:58,believemystica,alanzoka,Kkkkkkkkkkkkkkkkkkkkkkkkkkkkkkkk
2025-04-02 18:06:59,kesslerrs,alanzoka,!jogos
2025-04-02 18:07:00,nightbot,alanzoka,Jogo jogado hoje: The Movies
2025-04-02 18:07:01,springseasons,alanzoka,vai tobey maguire
2025-04-02 18:07:01,hitashitwitch,alanzoka,coloca eu como diretor
2025-04-02 18:07:03,littlejames00,alanzoka,tobey maguire
2025-04-02 18:07:03,juniorferreira,alanzoka,Blz miaowSideeye
2025-04-02 18:07:03,slakk25,alanzoka,akakakkkakk
2025-04-02 18:07:04,cassio_oloko,alanzoka,FeelsBadMan
2025-04-02 18:07:04,springseasons,alanzoka,KKKKKKK
2025-04-02 18:07:05,mylittlep0lly,alanzoka,o pobi KKKK
2025-04-02 18:07:06,felipemaxplay_tm,alanzoka,"oloco @Juniorferreira, quer substituir você"
2025-04-02 18:07:06,manuzitaoliveira,alanzoka,que jogo é esse?
2025-04-02 18:07:07,harryarthur1,alanzoka,jogos!
2025-04-02 18:07:10,crazynho1,alanzoka,OMEGALUL
2025-04-02 18:07:10,springseasons,alanzoka,porra claro o cara foi fuzilado nas ultimas 3 review
2025-04-02 18:07:11,sp0reta,alanzoka,Tesão
2025-04-02 18:07:11,cattzoka,alanzoka,agora eu consigo digitarrrr
2025-04-02 18:07:11,nightbot,alanzoka,"Promo imbatível no KaBuM!, com até 65% OFF! http://kb1.me/promoimbativelalanzoka"
2025-04-02 18:07:12,springseasons,alanzoka,KPFDGPKOFDKOG
2025-04-02 18:07:12,ankabov,alanzoka,ele nao ta confiante tadinho
2025-04-02 18:07:13,believemystica,alanzoka,#teamJuninho eavCheer
2025-04-02 18:07:13,juniorferreira,alanzoka,Tomara que venha 0 estrelas
2025-04-02 18:07:13,diogolarson0,alanzoka,CheersToThat CheersToThat CheersToThat
2025-04-02 18:07:15,fallipe,alanzoka,@alanzoka eu
2025-04-02 18:07:16,jhonnyf0x,alanzoka,eu
2025-04-02 18:07:16,espirrodegrillo,alanzoka,EU
2025-04-02 18:07:17,marymoonluu,alanzoka,é lógico humilharam o cara
2025-04-02 18:07:18,believemystica,alanzoka,Ó
2025-04-02 18:07:18,sakachii_,alanzoka,tubboBwhat
2025-04-02 18:07:18,joudz,alanzoka,kkkkkkkkkkkkkkkk]
2025-04-02 18:07:19,emilioeisabella,alanzoka,eu
2025-04-02 18:07:19,miguelgomes1233,alanzoka,nympheliaPogcrazy
2025-04-02 18:07:19,believemystica,alanzoka,An
2025-04-02 18:07:20,crazynho1,alanzoka,brila
2025-04-02 18:07:20,vegalume,alanzoka,Só é criticado
2025-04-02 18:07:20,governodoriodejaneiro,alanzoka,eu
2025-04-02 18:07:20,zzshadow__,alanzoka,Brila
2025-04-02 18:07:20,juniorferreira,alanzoka,:O
2025-04-02 18:07:21,littlejames00,alanzoka,brila
2025-04-02 18:07:21,rafaelrodsouza,alanzoka,Pepega
2025-04-02 18:07:21,springseasons,alanzoka,VAI GOLEIRO CASSIO
2025-04-02 18:07:22,rynpxo,alanzoka,brilá
2025-04-02 18:07:23,governodoriodejaneiro,alanzoka,brilar
2025-04-02 18:07:23,karol_from_thebordelands,alanzoka,brilaa
2025-04-02 18:07:23,menezees_,alanzoka,brilar
2025-04-02 18:07:23,believemystica,alanzoka,eavClap
2025-04-02 18:07:24,prefeituradeflorianopolis,alanzoka,brila
2025-04-02 18:07:24,annabethblue,alanzoka,alanzShrug alanzShrug alanzShrug
2025-04-02 18:07:24,mylittlep0lly,alanzoka,vai sim confia
2025-04-02 18:07:24,slakk25,alanzoka,meiyaCRAZY
2025-04-02 18:07:25,lunet___,alanzoka,ó
2025-04-02 18:07:25,jhonnyf0x,alanzoka,eu so chama o pai
2025-04-02 18:07:25,morcaise,alanzoka,Brilarson
2025-04-02 18:07:25,sohnatan,alanzoka,BRILA
2025-04-02 18:07:25,matheusporto__,alanzoka,brilá
2025-04-02 18:07:25,sakachii_,alanzoka,brila natsu3Slam
2025-04-02 18:07:25,themarchemello,alanzoka,brila
2025-04-02 18:07:26,ankabov,alanzoka,bora cassio
2025-04-02 18:07:27,guaxinimgotica,alanzoka,desde que o filme não tenha o mesmo elenco do dos Beatles tá bom
2025-04-02 18:07:27,dearmargarida,alanzoka,POGGERS vai cassio
2025-04-02 18:07:27,dchiquinho,alanzoka,brilá
2025-04-02 18:07:27,tataluv_,alanzoka,brilá
2025-04-02 18:07:27,nightbot,alanzoka,Compre jogos e gift cards mais baratos! Use o cupom ALANZOKA para obter 10% OFF https://bit.ly/alanzoka__nuuvem
2025-04-02 18:07:28,cassio_oloko,alanzoka,eu? alanzPerdi
2025-04-02 18:07:28,annabethblue,alanzoka,brila
2025-04-02 18:07:29,esquilo_guloso,alanzoka,GivePLZ
2025-04-02 18:07:30,zzshadow__,alanzoka,eu confio
2025-04-02 18:07:30,leohbo,alanzoka,o Oscar vem
2025-04-02 18:07:31,miguelgomes1233,alanzoka,Vai @cassio_oloko arielleCheer
2025-04-02 18:07:31,krissesyellowspeedo,alanzoka,nome desse jogo?
2025-04-02 18:07:32,slakk25,alanzoka,vai pegar penalty o Cassiopeia
2025-04-02 18:07:32,samukaceno19,alanzoka,AlanDeNiro
2025-04-02 18:07:32,schwenke_,alanzoka,BOA @cassio_oloko
2025-04-02 18:07:32,ultraphill,alanzoka,Coloca mais um ator!
2025-04-02 18:07:33,believemystica,alanzoka,A noite vai brilhar eavRave
2025-04-02 18:07:33,rynpxo,alanzoka,goleiro cássio?
2025-04-02 18:07:33,juliasgabriela,alanzoka,brila cassio
2025-04-02 18:07:34,delicatta,alanzoka,Brila cassio
2025-04-02 18:07:34,igloover,alanzoka,brila
2025-04-02 18:07:35,slakk25,alanzoka,porra
2025-04-02 18:07:36,gaspar_leugim,alanzoka,BRILHA CASSIO
2025-04-02 18:07:36,ultraphill,alanzoka,dois leads
2025-04-02 18:07:36,notrealvitor,alanzoka,olha cassio como ta indo alto
2025-04-02 18:07:37,menezees_,alanzoka,Ed Cullen
2025-04-02 18:07:38,cattzoka,alanzoka,qual o jogo
2025-04-02 18:07:39,guinhoanjos,alanzoka,@cassio_oloko o oscar vai vim
2025-04-02 18:07:39,espirrodegrillo,alanzoka,Coloca mais
2025-04-02 18:07:39,felipemaxplay_tm,alanzoka,F junior
2025-04-02 18:07:39,kelvinfsl,alanzoka,coloca o craque neto
2025-04-02 18:07:39,old_luf,alanzoka,FALA DIREITO PORRA
2025-04-02 18:07:40,juniorferreira,alanzoka,@cassio_oloko fomos separados miaowCry
2025-04-02 18:07:40,morcaise,alanzoka,Brila @cassio_oloko
2025-04-02 18:07:40,sakachii_,alanzoka,natsu3Sing
2025-04-02 18:07:41,crazynho1,alanzoka,alanzAP
2025-04-02 18:07:41,believemystica,alanzoka,Já brilou
2025-04-02 18:07:42,allecara,alanzoka,CASSIO QUE TRATOU BEM MEU NETO LA EM ORLANDO
2025-04-02 18:07:42,thejayman,alanzoka,Muito estranho ver o alanzoka falar meu nome kkkk
2025-04-02 18:07:43,silixplay,alanzoka,nunca duvidei do cassio
2025-04-02 18:07:43,owric,alanzoka,Brila Cassio
2025-04-02 18:07:43,igloover,alanzoka,@cassio_oloko
2025-04-02 18:07:45,cassio_oloko,alanzoka,alanzNote vo trabalha aqui
2025-04-02 18:07:47,hitashitwitch,alanzoka,respondendo um zap
2025-04-02 18:07:49,ankabov,alanzoka,tras o oscar pra casa cassio
2025-04-02 18:07:49,delicatta,alanzoka,Brilha muito no corinthians
2025-04-02 18:07:49,klsga,alanzoka,CASSIO?? IS THAT A FUCKING CRUZEIRO ESPORTE CLUBE REFERENCE?
2025-04-02 18:07:49,lgbispo,alanzoka,vai filmar o Cassio defendendo gol no ângulo? alanU
2025-04-02 18:07:50,apol0gam,alanzoka,ESSE FILME VAI SER O PRIMEIRO FILME BOM DA SUA INDUSTRIA
2025-04-02 18:07:51,cassio_oloko,alanzoka,@Juniorferreira nooooo alanzSad
2025-04-02 18:07:51,robbydeltoro,alanzoka,E BRILHA MUITO NO CORINTHIANS
2025-04-02 18:07:52,believemystica,alanzoka,eavNod
2025-04-02 18:07:52,velhobroxador,alanzoka,gaulesCi gaulesNe gaulesMa
2025-04-02 18:07:53,batsuke,alanzoka,alanzAP
2025-04-02 18:07:55,saviooo,alanzoka,Brila Cassio
2025-04-02 18:07:55,celo_duque,alanzoka,Ele já começou a filmar o Alanzoka: A Nextstage History?
2025-04-02 18:07:58,springseasons,alanzoka,Tacaram o pau no junior nos ultimos 3 review e tu ainda pergunta porque ele ta mal alan
2025-04-02 18:07:58,srmelancia,alanzoka,KKon
2025-04-02 18:07:59,mary_mel0,alanzoka,não dá pra por dois atores no mesmo filme??
2025-04-02 18:07:59,slakk25,alanzoka,@klsga corinthians
2025-04-02 18:08:00,srmelancia,alanzoka,KKona
2025-04-02 18:08:00,satehzin,alanzoka,junior rodou alanzChef
2025-04-02 18:08:01,blitzrieg1,alanzoka,"escala o the rock, holywood gosta dessas merdas"
2025-04-02 18:08:02,annabethblue,alanzoka,@cassio_oloko a estrela dessa indústria
2025-04-02 18:08:02,morcaise,alanzoka,KKona
2025-04-02 18:08:03,governodoriodejaneiro,alanzoka,KKona
2025-04-02 18:08:03,sakachii_,alanzoka,comida é sempre bom natsu3Mlem
2025-04-02 18:08:04,zzshadow__,alanzoka,KKona
2025-04-02 18:08:04,believemystica,alanzoka,Dá
2025-04-02 18:08:06,lunet___,alanzoka,da
2025-04-02 18:08:07,old_luf,alanzoka,ESSE CURINTHIA @alanzoka
2025-04-02 18:08:09,imbmoreira,alanzoka,Nao
2025-04-02 18:08:12,yraa_a,alanzoka,Cheio de banheiro perto
2025-04-02 18:08:12,dinhogf,alanzoka,bem perto do cheirão de merda
2025-04-02 18:08:13,alefgoulart,alanzoka,..
2025-04-02 18:08:13,aaqlah,alanzoka,só tem como botar 1 ator no filme?
2025-04-02 18:08:13,allecara,alanzoka,do ladinho do coco
2025-04-02 18:08:15,believemystica,alanzoka,eavNod
2025-04-02 18:08:17,believemystica,alanzoka,alanzS
2025-04-02 18:08:18,felipemaxplay_tm,alanzoka,q
2025-04-02 18:08:18,algocomz,alanzoka,Inimigo da Harmonia
2025-04-02 18:08:18,klsga,alanzoka,@SLAKK25 saiu chutado desse timeco ai
2025-04-02 18:08:19,juniorferreira,alanzoka,🫢
2025-04-02 18:08:20,srmelancia,alanzoka,esse jardim ficou mt lindo
2025-04-02 18:08:20,sakachii_,alanzoka,natsu3Huh
2025-04-02 18:08:20,zzshadow__,alanzoka,K
2025-04-02 18:08:20,believemystica,alanzoka,Aonde
2025-04-02 18:08:20,governodoriodejaneiro,alanzoka,HUHH
2025-04-02 18:08:21,delicatta,alanzoka,Sempre da
2025-04-02 18:08:22,juniorferreira,alanzoka,A
2025-04-02 18:08:23,daiqingg,alanzoka,ai meu toc
2025-04-02 18:08:23,crazynho1,alanzoka,já?
2025-04-02 18:08:24,biscu1tao,alanzoka,The sims do paraguai
2025-04-02 18:08:24,cassio_oloko,alanzoka,@annabethblue vo tenta fazer jus ao elogio alanzNote
2025-04-02 18:08:25,batsuke,alanzoka,a bola de basquete voando na chapa
2025-04-02 18:08:25,annabethblue,alanzoka,KKKK
2025-04-02 18:08:27,sakachii_,alanzoka,natsu3Worry
2025-04-02 18:08:28,zzshadow__,alanzoka,eu acho é foda
2025-04-02 18:08:30,believemystica,alanzoka,Será
2025-04-02 18:08:32,mary_mel0,alanzoka,DA PRA POR DOIS ATORES NO MESMO FILME?
2025-04-02 18:08:32,carlione_,alanzoka,Eu consegui a minha banana 🍌
2025-04-02 18:08:33,iscacrazy,alanzoka,queremos nextage atuando na nossa mesa agora
2025-04-02 18:08:33,cesarkwy,alanzoka,@kLsga CABULOSO COMMENT
2025-04-02 18:08:34,juniorferreira,alanzoka,alanzMaethe
2025-04-02 18:08:35,srmelancia,alanzoka,an
2025-04-02 18:08:35,felipemaxplay_tm,alanzoka,an
2025-04-02 18:08:36,absorventeusado,alanzoka,!jogo
2025-04-02 18:08:36,nightbot,alanzoka,Jogo atual: The Movies
2025-04-02 18:08:37,imbmoreira,alanzoka,Resolveu nn
2025-04-02 18:08:38,rafaelrodsouza,alanzoka,merda pra dar sorte nas gravações
2025-04-02 18:08:38,alexleron,alanzoka,alanzMaethe
2025-04-02 18:08:38,tob1joga,alanzoka,!jogo
2025-04-02 18:08:38,dukorn,alanzoka,mais uma hamburgueria gourmet abrindo do nada. parece SP.
2025-04-02 18:08:39,governodoriodejaneiro,alanzoka,an
2025-04-02 18:08:39,believemystica,alanzoka,alanzMaethe
2025-04-02 18:08:41,delicatta,alanzoka,Tá um leve cheiro de merda
2025-04-02 18:08:41,igloover,alanzoka,alan tá criando a zokawood
2025-04-02 18:08:42,annabethblue,alanzoka,@cassio_oloko alanzDez
2025-04-02 18:08:43,joao_pedruhx_,alanzoka,eai alan primeira vez na twitch nunca baixei
2025-04-02 18:08:43,believemystica,alanzoka,eavXdd
2025-04-02 18:08:43,hunter_0999,alanzoka,!tempo
2025-04-02 18:08:43,juniorferreira,alanzoka,LUL
2025-04-02 18:08:44,nightbot,alanzoka,O Alan está jogando The Movies há 1h 5m 43s alanzPOP
2025-04-02 18:08:44,littlejames00,alanzoka,cock?
2025-04-02 18:08:45,vitrzoka,alanzoka,alanzMaethe
2025-04-02 18:08:45,lunet___,alanzoka,q
2025-04-02 18:08:46,governodoriodejaneiro,alanzoka,que
2025-04-02 18:08:46,kelvinfsl,alanzoka,HUHH
2025-04-02 18:08:46,felipemaxplay_tm,alanzoka,cock HUHH
2025-04-02 18:08:46,slakk25,alanzoka,alanzSensual
2025-04-02 18:08:47,satehzin,alanzoka,alanzMaethe
2025-04-02 18:08:47,annabethblue,alanzoka,alanzGorfo alanzGorfo alanzGorfo
2025-04-02 18:08:47,sakachii_,alanzoka,qtsShy
2025-04-02 18:08:47,lordmirax,alanzoka,COCONUT ?
2025-04-02 18:08:48,seyek,alanzoka,Cockeiros alanU
2025-04-02 18:08:49,henriquebilches,alanzoka,@carlione_ como que eu faço pra pegar na banana???
2025-04-02 18:08:50,girafaobesaa,alanzoka,e essa fumaça saindo do banheiro
2025-04-02 18:08:50,igloover,alanzoka,cockeiro
2025-04-02 18:08:50,crazynho1,alanzoka,cock eiro
2025-04-02 18:08:50,andrezza_,alanzoka,Boa noite chat boa noite alan alanzOi
2025-04-02 18:08:53,apol0gam,alanzoka,TA BONITO
2025-04-02 18:08:53,emilioeisabella,alanzoka,lindo.
2025-04-02 18:08:54,believemystica,alanzoka,Só cheirinho de cock
2025-04-02 18:08:59,crazynho1,alanzoka,nilaPop
2025-04-02 18:09:01,sakachii_,alanzoka,sev7Takenotes
2025-04-02 18:09:03,cassio_oloko,alanzoka,@believemystica HUHH
2025-04-02 18:09:03,littlejames00,alanzoka,k
2025-04-02 18:09:04,slakk25,alanzoka,OMEGALUL
2025-04-02 18:09:05,karol_from_thebordelands,alanzoka,esse jogo é bem bonitinho
2025-04-02 18:09:06,crazynho1,alanzoka,nunca vamo sab
2025-04-02 18:09:06,srmelancia,alanzoka,nossa mas pra ler tem que fazer assim alanBANG
2025-04-02 18:09:10,crazynho1,alanzoka,O BANHEIRO 2? alanzD
2025-04-02 18:09:10,carlione_,alanzoka,@henriquebilches era um evento de ontem
2025-04-02 18:09:13,juniorferreira,alanzoka,alanzShrug
2025-04-02 18:09:13,sakachii_,alanzoka,sev7Loading
2025-04-02 18:09:13,cassio_oloko,alanzoka,alanzShrug
2025-04-02 18:09:14,felipemaxplay_tm,alanzoka,Descubra
2025-04-02 18:09:14,believemystica,alanzoka,@cassio_oloko eavXdd
2025-04-02 18:09:14,titechagas,alanzoka,Daqui a pouco vira amazônia kkkkkkk
2025-04-02 18:09:14,batata7612,alanzoka,Caraca já lançou o banheiro 2
2025-04-02 18:09:14,miindbreak,alanzoka,Quem foi ejetado?
2025-04-02 18:09:14,owric,alanzoka,Vem cá te eu te mostro o pacote
2025-04-02 18:09:15,cmaster__,alanzoka,Pagode
2025-04-02 18:09:16,governodoriodejaneiro,alanzoka,lançou o banheiro 2 ? alanU
2025-04-02 18:09:16,raphaeldevs,alanzoka,nextage poligota
2025-04-02 18:09:16,slakk25,alanzoka,Descubra
2025-04-02 18:09:16,joao_pedruhx_,alanzoka,eai alan primeira vez na twich
2025-04-02 18:09:18,alexleron,alanzoka,alanzQ
2025-04-02 18:09:18,annabethblue,alanzoka,@andrezza_ boa noite alanzAmor
2025-04-02 18:09:18,springseasons,alanzoka,"os menino ta com pacote, dentro da mala kaneko5Dance"
2025-04-02 18:09:18,juniorferreira,alanzoka,Uia
2025-04-02 18:09:18,morcaise,alanzoka,Descubra
2025-04-02 18:09:19,believemystica,alanzoka,Ó
2025-04-02 18:09:20,batsuke,alanzoka,Descubra
2025-04-02 18:09:22,crazynho1,alanzoka,giga
2025-04-02 18:09:23,colorad0,alanzoka,banheiro 2 o filme alanU
2025-04-02 18:09:24,felipemaxplay_tm,alanzoka,suruba? HUHH
2025-04-02 18:09:25,zzshadow__,alanzoka,@andrezza_ boa noite syadouPattheshadow
2025-04-02 18:09:26,sakachii_,alanzoka,sev7Clap
2025-04-02 18:09:28,rafaelrodsouza,alanzoka,um banheirão
2025-04-02 18:09:28,believemystica,alanzoka,Banheirão eavCheer
2025-04-02 18:09:33,edymitolemond,alanzoka,quando liberar o estúdio de pesquisa libera muita coisa
2025-04-02 18:09:34,slakk25,alanzoka,@springseasons botando forte
2025-04-02 18:09:35,gugaxguga,alanzoka,"banheiro 2, o inimigo agora é outro"
2025-04-02 18:09:35,satehzin,alanzoka,Descubra
2025-04-02 18:09:37,ioio095,alanzoka,Banheiro 2: O filme
2025-04-02 18:09:37,apol0gam,alanzoka,Sim
2025-04-02 18:09:42,cassio_oloko,alanzoka,ok alanzSip
2025-04-02 18:09:44,pedrohfsantos2,alanzoka,é
2025-04-02 18:09:45,ankabov,alanzoka,bacana
2025-04-02 18:09:49,sakachii_,alanzoka,yuyixCheer
2025-04-02 18:09:50,delicatta,alanzoka,The bathrooms
2025-04-02 18:09:52,believemystica,alanzoka,Brila Cássio
2025-04-02 18:09:52,zethphy,alanzoka,Alguem me explica que jogo é essee??
2025-04-02 18:09:54,theiago,alanzoka,de ação o alan manja
2025-04-02 18:09:55,meme3e,alanzoka,qual nome do jogo cht
2025-04-02 18:09:56,preischardt,alanzoka,quem tem toque passa mal com a organização do Alan
2025-04-02 18:09:57,juniorferreira,alanzoka,skyyteaAyo vem bomba ai
2025-04-02 18:09:59,emilioeisabella,alanzoka,bath two
2025-04-02 18:09:59,araujodgkestis,alanzoka,@GugaxGuga kkkkkkkkkkkkkkkkkkkkk
2025-04-02 18:10:03,crazynho1,alanzoka,ta ficando pobre
2025-04-02 18:10:03,felipemaxplay_tm,alanzoka,krl
2025-04-02 18:10:03,believemystica,alanzoka,Porra
2025-04-02 18:10:04,allecara,alanzoka,da uma espiadinha no filem
2025-04-02 18:10:05,annabethblue,alanzoka,!jogo
2025-04-02 18:10:05,nightbot,alanzoka,Jogo atual: The Movies
2025-04-02 18:10:06,we1ssn,alanzoka,qul the sims eh esse?
2025-04-02 18:10:07,srmelancia,alanzoka,pobrinho igual o brino
2025-04-02 18:10:09,cassio_oloko,alanzoka,"@believemystica vo tenta, to estudando as falas aqui alanzNote"
2025-04-02 18:10:09,owric,alanzoka,Vai ser um Gang-Bang? Digo.. Bang-Bang?
2025-04-02 18:10:10,sakachii_,alanzoka,sev7Brokege
2025-04-02 18:10:11,crazynho1,alanzoka,deve mudar
2025-04-02 18:10:12,kevennickolas,alanzoka,Jogo interessante esse
2025-04-02 18:10:13,matheusporto__,alanzoka,deixa bonito
2025-04-02 18:10:14,marymoonluu,alanzoka,tem mais banheiro do q atores
2025-04-02 18:10:14,morcaise,alanzoka,"@zethphy Jogo simulador estilo Sims, mas focado em estúdio de filmes"
2025-04-02 18:10:15,srmelancia,alanzoka,@owRIC QUE
2025-04-02 18:10:16,juniorferreira,alanzoka,O
2025-04-02 18:10:17,silixplay,alanzoka,banheiro 2 o filme de terror so digo uma coisa não va ao banheiro de noite hahahaha
2025-04-02 18:10:17,zzshadow__,alanzoka,Kkkkkkkkkkkkkkkkkkkkkkkkkkkkkk
2025-04-02 18:10:18,yraa_a,alanzoka,Eita graminha cara
2025-04-02 18:10:18,crazynho1,alanzoka,alanU
2025-04-02 18:10:18,srmelancia,alanzoka,OIJGAWERFJWEPORFKJEOPEKRFPOEKRFPOASDOPKSDFKO
2025-04-02 18:10:19,alexleron,alanzoka,LUL
2025-04-02 18:10:19,cassio_oloko,alanzoka,KEKW
2025-04-02 18:10:20,felipemaxplay_tm,alanzoka,kkkkkkkkkkkkkkkkkkkkkkkkkkkkk
2025-04-02 18:10:20,believemystica,alanzoka,@cassio_oloko já ganhou tan tan tan eavCheer
2025-04-02 18:10:21,menezees_,alanzoka,alanU
2025-04-02 18:10:21,governodoriodejaneiro,alanzoka,ó
2025-04-02 18:10:22,lunet___,alanzoka,alanU
2025-04-02 18:10:22,slakk25,alanzoka,@owric que Despairge
2025-04-02 18:10:22,ankabov,alanzoka,yupii
2025-04-02 18:10:22,miguelgomes1233,alanzoka,froggylochLUL
2025-04-02 18:10:24,acaroll,alanzoka,kkkkkkkkkkkkkkkkkkkk
2025-04-02 18:10:24,karol_from_thebordelands,alanzoka,kkkkkkkkkkk
2025-04-02 18:10:24,josedaniel051,alanzoka,KEKW
2025-04-02 18:10:24,sakachii_,alanzoka,natsu3Huh
2025-04-02 18:10:25,crazynho1,alanzoka,OMEGALUL
2025-04-02 18:10:25,believemystica,alanzoka,Kkkkkkkkkkkkkkkkkkkkkkkkkkkkkkkk
2025-04-02 18:10:25,guinhoanjos,alanzoka,q ação eh essa?
2025-04-02 18:10:25,apol0gam,alanzoka,TEM
2025-04-02 18:10:25,daviforest,alanzoka,LUL
2025-04-02 18:10:25,srmelancia,alanzoka,CEO
2025-04-02 18:10:26,menezees_,alanzoka,Clap
2025-04-02 18:10:26,cassio_oloko,alanzoka,OMEGALUL
2025-04-02 18:10:27,neurom4d,alanzoka,kkkkkkkkkkkkkkkkkk
2025-04-02 18:10:27,juniorferreira,alanzoka,Clap
2025-04-02 18:10:27,believemystica,alanzoka,eavClap
2025-04-02 18:10:28,marymoonluu,alanzoka,é sobre sexo !?
2025-04-02 18:10:28,colorad0,alanzoka,Clap
2025-04-02 18:10:28,governodoriodejaneiro,alanzoka,Clap
2025-04-02 18:10:29,joujouks,alanzoka,Clap
2025-04-02 18:10:29,coelhooww,alanzoka,Clap
2025-04-02 18:10:29,dukorn,alanzoka,Clap
2025-04-02 18:10:30,cassio_oloko,alanzoka,Clap
2025-04-02 18:10:30,lunet___,alanzoka,Clap
2025-04-02 18:10:30,satehzin,alanzoka,tem q ajudar os amigos
2025-04-02 18:10:30,velhobroxador,alanzoka,uhmmm filme estranho
2025-04-02 18:10:30,vilellagames,alanzoka,Clap
2025-04-02 18:10:31,juliasgabriela,alanzoka,Clap
2025-04-02 18:10:31,tonhodobem_,alanzoka,clap
2025-04-02 18:10:31,crazynho1,alanzoka,o cara coçando o cu
2025-04-02 18:10:31,alexleron,alanzoka,gabepeixeClap
2025-04-02 18:10:31,delicatta,alanzoka,Sucesso esse
2025-04-02 18:10:31,satehzin,alanzoka,Clap
2025-04-02 18:10:31,ankabov,alanzoka,Clap
2025-04-02 18:10:32,zhenguy,alanzoka,Clap
2025-04-02 18:10:32,luca2212200,alanzoka,Clap
2025-04-02 18:10:32,slakk25,alanzoka,Clap
2025-04-02 18:10:32,i_rck96,alanzoka,!jogo
2025-04-02 18:10:32,zethphy,alanzoka,@Morcaise okok obg!
2025-04-02 18:10:33,nightbot,alanzoka,Jogo atual: The Movies
2025-04-02 18:10:34,miguelgomes1233,alanzoka,shyyClap
2025-04-02 18:10:34,annabethblue,alanzoka,Clap
2025-04-02 18:10:34,silixplay,alanzoka,Clap
2025-04-02 18:10:35,srmelancia,alanzoka,Clap parabens mr fall
2025-04-02 18:10:35,mabyleite,alanzoka,Clap
2025-04-02 18:10:36,josedaniel051,alanzoka,Clap
2025-04-02 18:10:36,vitrzoka,alanzoka,Clap
2025-04-02 18:10:36,shikieze,alanzoka,falllOMEGALUL
2025-04-02 18:10:37,vitorcastilho12,alanzoka,!tempo
2025-04-02 18:10:37,nightbot,alanzoka,O Alan está jogando The Movies há 1h 7m 37s alanzPOP
2025-04-02 18:10:39,jeeffbreak,alanzoka,Loaa migos
2025-04-02 18:10:40,zzabj,alanzoka,Clap
2025-04-02 18:10:41,emilioeisabella,alanzoka,eu daria 5 estrelas
2025-04-02 18:10:41,velhobroxador,alanzoka,brasileirinhas productions
2025-04-02 18:10:42,matheusporto__,alanzoka,fall em filme de ação nao usa proteção
2025-04-02 18:10:45,satehzin,alanzoka,!jogos
2025-04-02 18:10:45,nightbot,alanzoka,Jogo jogado hoje: The Movies
2025-04-02 18:10:45,consultou,alanzoka,omegafly
2025-04-02 18:10:46,cmaster__,alanzoka,Cenário do Chaves
2025-04-02 18:10:47,believemystica,alanzoka,beyumiAWW
2025-04-02 18:10:47,morcaise,alanzoka,@zethphy Magina! alanzAmor
2025-04-02 18:10:48,owric,alanzoka,@srmelancia pior que eu mandei essa e ele mencionou logo o fall.. Complicado
2025-04-02 18:10:50,colorad0,alanzoka,alanzAYAYA
2025-04-02 18:10:50,crazynho1,alanzoka,AYAYA
2025-04-02 18:10:51,believemystica,alanzoka,Fofo
2025-04-02 18:10:52,sakachii_,alanzoka,aewithHeart
2025-04-02 18:10:53,zzshadow__,alanzoka,sommyAyaya
2025-04-02 18:10:54,believemystica,alanzoka,beyumiAWW
2025-04-02 18:10:54,felipemaxplay_tm,alanzoka,Historia do Mr.Fall CEO of SEX
2025-04-02 18:10:55,governodoriodejaneiro,alanzoka,AYAYA
2025-04-02 18:10:55,zzshadow__,alanzoka,K
2025-04-02 18:10:55,josedaniel051,alanzoka,AYAYA
2025-04-02 18:10:55,believemystica,alanzoka,A
2025-04-02 18:10:55,littlejames00,alanzoka,kkkkkkkkkkkkkkk
2025-04-02 18:10:55,vilellagames,alanzoka,AYAYA
2025-04-02 18:10:56,marymoonluu,alanzoka,alanzEllie alanzEllie alanzEllie
2025-04-02 18:10:56,juniorferreira,alanzoka,"Me bota pra melhorar ai, se não fica difícil aruSmash"
2025-04-02 18:10:57,annabethblue,alanzoka,alanzAYAYA
2025-04-02 18:10:57,miguelgomes1233,alanzoka,alanzAmor
2025-04-02 18:10:57,juliasgabriela,alanzoka,a
2025-04-02 18:10:58,cassio_oloko,alanzoka,alanzAYAYA
2025-04-02 18:10:58,dchiquinho,alanzoka,bota fazer outro script enquanto filma
2025-04-02 18:10:58,henriquebilches,alanzoka,@velhobroxador irmãos dotados a produtora do Alam
2025-04-02 18:10:58,tenente_felipe,alanzoka,kkkkkk
2025-04-02 18:10:58,menezees_,alanzoka,KKKKKKKKKKKKKKKKKKK
2025-04-02 18:10:59,saviooo,alanzoka,K
2025-04-02 18:10:59,rodr1guesx_,alanzoka,kkkkkkkkkkkk
2025-04-02 18:10:59,slakk25,alanzoka,OMEGALUL
2025-04-02 18:10:59,henrydksks,alanzoka,kkkkkkkkkk
2025-04-02 18:10:59,alexleron,alanzoka,alanzAYAYA
2025-04-02 18:10:59,coelhooww,alanzoka,pepeLaugh
2025-04-02 18:10:59,sakachii_,alanzoka,yuyixSmile
2025-04-02 18:11:01,anyacchiii,alanzoka,OMEGALUL
2025-04-02 18:11:01,predokkaa,alanzoka,kkkkkkkkk
2025-04-02 18:11:02,satehzin,alanzoka,kkkkkkkkkkkkkkk
2025-04-02 18:11:03,tenente_felipe,alanzoka,alanzAmor
2025-04-02 18:11:03,schwenke_,alanzoka,parabensss
2025-04-02 18:11:04,coelhooww,alanzoka,HUHH
2025-04-02 18:11:04,victorh09,alanzoka,Esse vai pro xvidros?
2025-04-02 18:11:04,tonhodobem_,alanzoka,kkkkkkkkkkkkkkk
2025-04-02 18:11:06,violeeeeeet,alanzoka,JKKKKKKKKKKKKKKKKKKKKKKKKKKK
2025-04-02 18:11:07,menezees_,alanzoka,delicia
2025-04-02 18:11:07,iaguera_se7,alanzoka,q isso the sims?
2025-04-02 18:11:09,believemystica,alanzoka,alanzShrug
2025-04-02 18:11:11,sakachii_,alanzoka,yuyixSus
2025-04-02 18:11:11,liliamar_,alanzoka,Não tem como aumentar o estúdio de gravação? @alanzoka
2025-04-02 18:11:12,felipemaxplay_tm,alanzoka,f1
2025-04-02 18:11:12,gbrrrr420,alanzoka,jogo doidao
2025-04-02 18:11:15,slakk25,alanzoka,Calangao
