ID,Data,View_time,searched_game,watched,channel_name,language,last_game_name,stream_title,stream_tags,classification_labels,is_branded_content
0,2025-04-09 20:11,523,league-of-legends,False,blaws770,en,League of Legends,play lol,['English'],[],False
0,2025-04-09 20:11,523,league-of-legends,False,allot147,en,League of Legends,L O L,['English'],[],False
0,2025-04-09 20:11,523,league-of-legends,True,Dantes,en,League of Legends,89% WR MASTERS - BEST HEC WORLD - DEMON GRIND TO GM,['English'],[],False
0,2025-04-09 20:29,442,ea-sports-fc-25,True,KHROMEPLAYS,en,EA Sports FC 25,ELITE RIVALS! - I NEED MY POINTS!,"['English', 'EAFC', 'futchampions', 'CHAMPS']",[],True
0,2025-04-09 20:29,442,ea-sports-fc-25,False,BPMnerd,en,EA Sports FC 25,95 HENRY x 94 R9 RIVALS!🎉GOOD VIBES🎉,"['English', 'GRIND', 'ENGLAND', 'bald', 'BPM', 'soccer', 'fc25', 'EAFC', 'goodvibes', 'EASPORTSFC']",[],False
0,2025-04-09 20:29,442,ea-sports-fc-25,False,Kexzyy,en,EA Sports FC 25,11v11 PRO CLUBS UCL EDITION (ARSENAL v MADRID) ~ 919/1000 SUBS),['English'],[],False
0,2025-04-10 00:02,540,ea-sports-fc-25,False,GAdamou10_,en,EA Sports FC 25,#1 NA PRO COOKING IN THE ELITE DIVISION!!! (ENG/GRE),['English'],[],False
0,2025-04-10 00:02,540,ea-sports-fc-25,False,chairez7,en,EA Sports FC 25,Immortals PROMO!  #Factor75partner !tts !sub,"['English', 'fifa', 'eafc', 'spanish', 'ultimateteam', 'eafc25', 'fc25']",[],False
0,2025-04-10 00:02,540,ea-sports-fc-25,True,AdidaFC,en,EA Sports FC 25,#1 NA PRO TOP 10 ELITE DIVISION | !4213 !451,"['English', 'EAFC', 'EAFC25', 'FIFA', 'PRO', 'EASPORTSFC', 'FC25', 'fc25']",[],False
1,2025-04-10 00:13,525,league-of-legends,False,Naayil,en,League of Legends,"KOREA DAY 12, They Don't Love You Like They Used To","['English', 'leagueoflegends']",[],False
1,2025-04-10 00:14,525,league-of-legends,False,Viper,en,League of Legends,Mid lane challenge day 10 Masters 361lp start,['English'],[],False
1,2025-04-10 00:14,525,league-of-legends,True,KarasMai,en,League of Legends,2 Challenger Accounts - Rank 1 Kayn World -  !hellofresh !Challenger !discord,"['English', 'kayn']",[],False
2,2025-04-10 00:25,350,minecraft,True,PewDiePie,en,Minecraft,Minecraft Reruns ∞ Binge @PewDiePie vids 24/7 with chat ∞ !video,"['Minecraft', 'YouTube', 'AlwaysOn', 'English', 'Rerun']",[],True
2,2025-04-10 00:25,350,minecraft,False,frowsedd,en,Minecraft,🟪LATE NIGHT GAMEZ!🟪[99/365]🟪,['English'],[],False
2,2025-04-10 00:25,350,minecraft,False,happyf333tz,en,Minecraft,1st time trying Roguecraft Part 2,['English'],[],False
2,2025-04-10 04:01,554,league-of-legends,False,TenZ,en,League of Legends,got a haircut today :D,"['English', 'Anime', 'FPS', 'tenz']",[],False
2,2025-04-10 04:01,554,league-of-legends,False,midbeast,en,League of Legends,"low taper fade has arrived, pop the ballons in queue, lets go","['leagueoflegends', 'English', 'LyingEncouraged', 'Manipulator', 'Anime', 'Australia', 'dinosaurs', 'Affectionate', 'Golf', 'trapezoid']",[],False
2,2025-04-10 04:01,554,league-of-legends,True,BeerManStan,en,League of Legends,🍺 VIEWER GAME NIGHT 🍀 TYPE !JOIN TO JOIN THE QUEUE 🍀 SUB WARS SIGN UPS - !SUBWARS 🍀 DILLY DILLY! 🍀🍺,['English'],[],False
3,2025-04-10 04:13,480,fortnite,True,Oatley,en,Fortnite,"OCE FNCS PLAY-IN | Code ""Oatley"" #ad | !socials !youtube !delay","['FamilyFriendly', 'Fortnite', 'BattleRoyale', 'Multiplayer', 'Competitive', 'Professional', 'Positivity', 'PC', 'English']",[],False
3,2025-04-10 04:13,480,fortnite,False,NickEh30_VODs,en,Fortnite,Official 24/7 NickEh30 Channel,"['Canadian', 'Positivity', 'BattleRoyale', 'PC', 'FamilyFriendly', 'Multiplayer', 'PVP', 'PlayingWithViewers', 'Drops', 'English']",[],False
3,2025-04-10 04:13,480,fortnite,False,Loeya,en,Fortnite,SNIPER GRIND - Code: LOEYA #EpicPartner,"['Cats', 'BattleRoyale', 'English']",[],False
3,2025-04-10 08:01,377,counter-strike,False,eplcs_en2,en,Counter-Strike,[EN] Johnny Speeds vs Preasy | European Pro League - Season 24 | Opening Matches | by @emenjay,"['EPL', 'English', 'CS2', 'ECLOT', 'SINNERS', 'Tricked', '9Pandas', '9INE', 'JohnnySpeeds', 'Leo']",['MatureGame'],False
3,2025-04-10 08:01,377,counter-strike,True,Andoflan,en,Counter-Strike,FIRST GOLD UNBOXING!! NONSTOP! !hellcase !discord !from !bravo !games🔥,"['English', 'funny', 'ChatInteraction', 'food', 'Shooter', 'VarietyStreamer', 'chill', 'bilungual', 'frontpage']",['MatureGame'],False
3,2025-04-10 08:01,377,counter-strike,False,shkodq,ru,Counter-Strike,САМЫЕ ДЕШЕВЫЕ СКИНЫ ЗА БАЛЛЫ|ПЛАЧУ ЗА ВАШИ ТИКТОКИ СО МНОЙ,"['Русский', 'cs2faceit', 'cs2player', 'CSGOSTREAM', 'cs2ranked', 'csfaceitlvl10csgo', 'faceit', 'общение', 'Повтор', 'общениесозрителями']",['MatureGame'],False
3,2025-04-10 16:01,344,ea-sports-fc-25,False,jirotf16,en,EA Sports FC 25,⛓️FC25 ASTON VILLA CAREER MODE!⛓️UCL FINAL DAY WITH GLOVEJOB!⛓️!COMMUNITY⛓️!WHEEL⛓️!PRIME⛓️FC25!⛓️VARIETY⛓️,"['fc25', 'eafc25', 'careermode', 'English']",[],False
3,2025-04-10 16:02,344,ea-sports-fc-25,True,TheFutAccountant,en,EA Sports FC 25,SO MANY ICON SBC LEAKS !prime !code !immortal,"['FIFA', 'Soccer', 'Football', 'English']",[],False
3,2025-04-10 16:02,344,ea-sports-fc-25,False,Pieface23,en,EA Sports FC 25,(UK) Live all Night. Icon Picks and Packs. Gulag (A),"['English', 'eafc', 'eafc25', 'fc25', 'fornite']",[],False
3,2025-04-10 20:01,386,valorant,True,tarik,en,VALORANT,🔴 CUBERT vs WU - VCT CHALLENGERS 🔴,['English'],[],False
3,2025-04-10 20:01,386,valorant,False,rawdogmoon,en,VALORANT,❗️ASSYRIAN GIGACHAD❗️ !discord !socials ❗️,"['English', 'assyrian', 'valorant', 'GIGACHAD']",[],False
3,2025-04-10 20:01,386,valorant,False,adilswrld,en,VALORANT,😁Stop Calling Me Mooda Clone😁 TTS IS ENABLED 😁 !discord !socials,"['English', 'ADHD', 'silly', 'LOUD', 'valorant']",[],False
3,2025-04-11 00:02,560,grand-theft-auto-v,True,PENTA,en,Grand Theft Auto V,PRP| TOW DAY,"['educational', 'Socialeating', 'English']",['MatureGame'],False
3,2025-04-11 00:02,560,grand-theft-auto-v,False,Jefe,en,Grand Theft Auto V,TUESDAY... | FULLTIME STREAMER! | GTA MERCHANT!! | !socials !discord !sub !server,['English'],['MatureGame'],False
3,2025-04-11 00:02,560,grand-theft-auto-v,False,OvercastFiveM,en,Grand Theft Auto V,being a developer,['English'],['MatureGame'],False
3,2025-04-11 04:01,581,valorant,False,TenZ,en,VALORANT,late night gamer moment,"['English', 'Anime', 'FPS', 'tenz']",[],False
3,2025-04-11 04:01,581,valorant,True,lunatiikoh,es,VALORANT,👦MX👾UN VALOGOD Y LUEGOS OVERSITO CON SEGUIDORES👾!sr !join,"['garticphone', 'Español', 'Vtuber', 'juegoespañol', 'Español', 'Hombre', 'Pelirrojo', 'TrickOrTreatChallenge', 'trickortreat', 'Repetir']",[],False
3,2025-04-11 04:01,581,valorant,False,eggsterr,en,VALORANT,Yoru GRIND - !merch !tts,['English'],[],False
3,2025-04-11 08:00,328,the-sims-4,False,Lillulah,en,The Sims 4,stream-a-thon day 10!!!! THE FINAL DAY! 🐌🌷!snapril !throne (!giveaway codes provided by EA #ad),"['cosy', 'cozy', 'ocd', 'chatty', 'dannydevito', 'English', 'LGBTQIAPlus', 'hatdag', 'slitherlegs', 'streamathon']",[],True
3,2025-04-11 08:00,328,the-sims-4,True,Icywintrr,en,The Sims 4,18+|❄️♡ NEW SIMS LP: SET UP ♡❄️ | BIRTHDAY SUBATHON DAY 10/30  | SUB GOAL 500?? CAN WE HIT IT | Use !Sub to see the goals | #Icy4partner |,"['SafeSpace', '18plus', 'girlgamer', 'English', 'GTARP', 'roblox', 'Roleplay', 'fivem', 'sims4', 'THEGARDENSRP']",[],True
3,2025-04-11 08:01,328,the-sims-4,False,nele_isi,en,The Sims 4,this weeks costumers have given me brain pain (don't become a barista kids) - save file work in progress | !s4mods !thorny !discord,"['LGBTQIAPlus', 'Cosy', 'Chatty', 'UnhingedSometimes', 'English', 'LurkerFriendly', 'AnonymousFollows', 'ClosedCaptions', 'Chaotic', 'Cactus']",[],False
3,2025-04-11 12:01,407,marvel-rivals,True,Necros,en,Marvel Rivals,[!DROPS ENABLED] SEASON 2 IS FINALLY HERE. EMMA FROST HAS COME AND SO HAVE I.,"['English', 'spiderman', 'blackpanther', 'DropsEnabled']",[],False
3,2025-04-11 12:01,407,marvel-rivals,False,TimTheTatman,en,Marvel Rivals,DROPS ON - SEASON 2 MARVEL RIVALS IS HERE!!!,"['English', 'DropsEnabled']",[],False
3,2025-04-11 12:01,407,marvel-rivals,False,Ninja,en,Marvel Rivals,NEW DROPS ON | NEW MARVEL RIVALS SEASON 2 | God is good <3,"['English', 'Ninja', 'BattleRoyale', 'Chapter6', 'YouKnowWhatsCrazy', 'LowTaperFade', 'ItsMassive', 'StillDraggingIt', 'SaveYourSkin', 'DropsEnabled']",[],False
3,2025-04-11 16:01,385,the-sims-4,False,Charmelian,en,The Sims 4,D&D LEGACY ⚔️  Fairy Bard Gen [day 9] !lnl !shell,"['Chatty', 'Cozy', 'English', 'ClosedCaptions', 'LegacyChallenge', 'DnD']",[],False
3,2025-04-11 16:01,385,the-sims-4,False,SarahKendall,en,The Sims 4,not so berry GREEN GEN!!! making enemies 😭 | !shell !socials !palestine | #eapartner,"['Chatty', 'LGBTQ', 'English', 'ADHD', 'Captions', 'Living', 'Laughing', 'Loving']",[],False
3,2025-04-11 16:01,385,the-sims-4,True,snaccdaddysims,en,The Sims 4,🌻GIVEAWAY + EA RENO IN OASIS SPRINGS🌻|| !daddy !merch !kofi !javy,"['English', 'ADHD', 'Woman', 'CozyChaos', 'USA', 'chill', 'smallstreamer', 'LurkerFriendly']",[],False
4,2025-04-11 16:10,445,valorant,True,VALORANT_EMEA,en,VALORANT,KC vs. M8 - VCT EMEA 2025 Stage 1 - W3D3 - Map 1,"['Esports', 'English', 'VALORANT', 'VCT', 'VALORANTEurope', 'VCTEMEA']",[],False
4,2025-04-11 16:10,445,valorant,False,Squeezie,fr,VALORANT,GENTLE MATES vs KARMINE CORP / LE CLASICO ft @beyaz @brawks #VCTWatchParty #M8WIN,['Français'],[],True
4,2025-04-11 16:10,445,valorant,False,FYR_VL,en,VALORANT,TOP 0.01% CHAMBER MAIN. // !ns !record !youtube !iqunix,"['radiant', 'valorant', 'English', 'riotgames', 'radiantvalorant', 'chambermain']",[],False
4,2025-04-11 20:01,502,counter-strike,False,Stewie2K,en,Counter-Strike,gamin? | !store !socials !discord !tradeit,"['English', 'FPS', 'CSGO', 'CS2', 'PRO', 'CS', 'Multiplayer']",['MatureGame'],False
4,2025-04-11 20:01,502,counter-strike,False,ArrowCS,en,Counter-Strike,🔴$250 BEST NEW SKIN CRAFT COMPETITION🔴,['English'],['MatureGame'],False
4,2025-04-11 20:01,502,counter-strike,True,StabMrStabby,en,Counter-Strike,❤︎ Knife Giveaway ❤︎ !giveaway !monthly !femboy !maid,"['English', 'counterstrike', 'giveaway', 'Giveaways', 'CS2', 'Chıll', 'chattingwithviewers', 'old', 'femboy', 'BadAtThisGame']",['MatureGame'],False
5,2025-04-11 20:12,302,league-of-legends,False,Dantes,en,League of Legends,83% WR MASTERS - BEST HEC WORLD - DEMON GRIND TO GM,['English'],[],False
5,2025-04-11 20:12,302,league-of-legends,False,KatEvolved,en,League of Legends,🔴RANK 1 KATARINA WORLD🔴2x RANK 1 NA🔴4x KR CHALLENGER🔴SAVING NA SOLOQ🔴!prime !socials,"['ADHD', 'Vtuber', 'MANIC', 'Psychosis', 'English', 'GODCOMPLEX', 'Femboy', 'Furry', 'Gaslighting', 'Manipulator']",[],False
5,2025-04-11 20:12,302,league-of-legends,True,Nightblue3,en,League of Legends,1041 LP CHALLENGER JUNGLE (peak),['English'],[],False
6,2025-04-11 20:19,317,overwatch-2,True,ZBRA,en,Overwatch 2,"1 sub = 1 weighted pullup, DOOMFIST 6V6 RANKED","['Ranked', 'Doomfist', 'English', 'chill', 'Doomfist']",[],False
6,2025-04-11 20:19,317,overwatch-2,False,findveil,en,Overwatch 2,OW2 Pain❇️Grinding Off Characters❇️Short Stream today!,"['DPS', 'English', 'FlexPlayer', 'TikTokCreator', 'NA', 'LGPTQIAplus', 'ChatInteraction', 'Community', 'LurkerFriendly']",[],False
6,2025-04-11 20:19,317,overwatch-2,False,sunshinebread,en,Overwatch 2,THE DAWN OF THE FINAL DAY (?!!?!),"['English', 'Doomfist', 'unemployed', 'LOUD', 'obnoxious', 'SISYPHUS', 'NEET', 'hitscan', 'tracer', 'altfashion']",[],False
6,2025-04-12 00:01,446,counter-strike,True,Stewie2K,en,Counter-Strike,gamin? | !store !socials !discord !tradeit,"['English', 'FPS', 'CSGO', 'CS2', 'PRO', 'CS', 'Multiplayer']",['MatureGame'],False
6,2025-04-12 00:01,446,counter-strike,False,Hoodiestealerr,en,Counter-Strike,DAY 6 REVIVING NA CS2: !hoodie !followage !breathe !gg !christmas !prime !sus,"['girl', 'gamergirl', 'funny', 'ragebait', 'yourmom', 'christian', 'cs2', 'egirl', 'English']",['MatureGame'],False
6,2025-04-12 00:01,446,counter-strike,False,coopertv,en,Counter-Strike,🔴30K ELO GRIND🔴OPENING CASES WITH STARS 🔴REACTS🔴 !tradeit !skinclub baby !registry,['English'],['MatureGame'],False
6,2025-04-12 04:01,495,grand-theft-auto-v,True,OvercastFiveM,en,Grand Theft Auto V,being a developer,['English'],['MatureGame'],False
6,2025-04-12 04:01,495,grand-theft-auto-v,False,vadriss,en,Grand Theft Auto V,Day 11 of UNCAPPED Birthday SUBATHON | IRL STREAM | !merch !subathon !goals,"['English', 'Gay', 'femboy', 'LGBTQ', 'twitchprideguild']",['MatureGame'],False
6,2025-04-12 04:01,495,grand-theft-auto-v,False,Daxztv,en,Grand Theft Auto V,Exclusive Roleplay | Deputy Saviour | GTA 5 FiveM RP | Grand Theft Auto 5 | BCSO |,"['English', 'fivem', 'gta', 'grandtheftauto', 'Roleplay', 'ＧTA5', 'NoPixel', 'District10', 'PurpleRP', 'SmileRP']",['MatureGame'],False
6,2025-04-12 08:01,516,fortnite,False,Oatley,en,Fortnite,"FNCS SCRIMS | Code ""Oatley"" #ad | !socials !youtube !fncs !delay","['FamilyFriendly', 'Fortnite', 'BattleRoyale', 'Multiplayer', 'Competitive', 'Professional', 'Positivity', 'PC', 'English']",[],False
6,2025-04-12 08:01,516,fortnite,True,Nenaxr,en,Fortnite,Pub Princess...♥️💭,"['English', 'Rerun']",['ProfanityVulgarity'],False
6,2025-04-12 08:01,516,fortnite,False,AsianJeff,en,Fortnite,Gym,['English'],[],False
6,2025-04-12 12:01,375,roblox,False,OnlyFye,en,ROBLOX,🌌ANIME LAST STAND🌌AV UPDATE TONIGHT🌌KAI CENAT GET ME IN YOUR STREAMING UNIVERSITY🌌sub !links,['English'],[],False
6,2025-04-12 12:01,375,roblox,True,Misonomiso,en,ROBLOX,:D welcome to soup | im the little giant fr fr | no goonin allowed,"['English', 'roblox', 'marvelrivals', 'SlowLearner', 'deadrails']",[],False
6,2025-04-12 12:01,375,roblox,False,not_m1nh,en,ROBLOX,DAY 5 (NOOB TO PRO) PLAYING ANIME LAST STAND + NEW YT VIDEO,"['English', 'asain']",[],False
6,2025-04-12 16:01,462,ea-sports-fc-25,False,TEDDY127,en,EA Sports FC 25,90+ x5 PACKS + TRADING!!! FC25 TRADING DISCORD (ENG/PS5),"['gaming', 'soccer', 'futbol', 'English']",[],False
6,2025-04-12 16:01,462,ea-sports-fc-25,False,GoalPoacher,en,EA Sports FC 25,💣 PRO MAIN CHAMPS (0-0) 💣 TITI 🔥 💣 !tactics 💣,"['futchamps', 'pro', 'EAFC', 'futchampions', 'ultimateteam', 'FUT', 'English', 'WeekendLeague', 'fc25', 'eafc25']",[],False
6,2025-04-12 16:01,462,ea-sports-fc-25,True,TrenchyFC,en,EA Sports FC 25,🚨CHAMPS TIME🚨 | IMMORTALS TEAM 2 ⚪⚪ | !tactics | FOLLOWER GOAL 875/900,"['FC25', 'fifa', 'chill', 'uk', 'english', 'fut', 'packs', 'English']",[],False
7,2025-04-12 16:11,581,counter-strike,True,PGL,en,Counter-Strike,G2 Esports vs Complexity - PGL Bucharest 2025 - Semifinals,"['Esports', 'English']",['MatureGame'],False
7,2025-04-12 16:11,581,counter-strike,False,dima_wallhacks,en,Counter-Strike,🔴G2 vs. Complexity | PGL Bucharest CO-STREAM🔴 !map !disability !skinsmonkey,"['140IQ', 'English', 'ASMR', 'forsen']",['MatureGame'],False
7,2025-04-12 16:11,581,counter-strike,False,Mrtweeday,en,Counter-Strike,🔴 PGL Bucharest 2025 Semi-Finals + Steps 🔴🙂 !trade !oace,['English'],['MatureGame'],True
7,2025-04-12 20:01,485,roblox,False,OnlyFye,en,ROBLOX,🌌ANIME LAST STAND🌌UPDATE TONIGHT??🌌KAI CENAT GET ME IN YOUR STREAMING UNIVERSITY🌌sub !links,['English'],[],False
7,2025-04-12 20:01,485,roblox,True,osdeelive,en,ROBLOX,🔴{LIVE}🔴 PLS DONATE OFFLINE DONATING TO VIEWERS! | 🔴,['English'],[],False
7,2025-04-12 20:01,485,roblox,False,CorgiVR,en,ROBLOX,ALS UPDATE TOMMOROW ? ALREADY ? PEAKKK,['English'],[],False
7,2025-04-13 00:01,463,fortnite,False,AussieAntics,en,Fortnite,🏆 GETTING UNWASHED FOR PRO-AM 🏆 FNCS GROUPS TOMORROW 👀,['English'],[],False
7,2025-04-13 00:01,463,fortnite,True,Peterbot247Official,en,Fortnite,(DROPS ON) 🔴  TOURNAMENT WATCH PARTY !settings !binds 🔴,['English'],[],False
7,2025-04-13 00:01,463,fortnite,False,umisoul,en,Fortnite,✨pewpews✨|  ♡ !lurk !discord,"['English', 'Yapper']",[],False
7,2025-04-13 04:00,544,minecraft,False,CarlCrafts,en,Minecraft,IMPOSSIBLE MINECRAFT - with @queen_ov_drama @sir_nipplington and @jazzlikeonion,"['Australian', 'ADHD', 'Hardcore', 'English', 'Neurodivergent', 'Aussie', 'ClosedCaptions', 'Beard', 'vanilla', 'OCE']",[],False
7,2025-04-13 04:01,544,minecraft,False,gkey,en,Minecraft,"🟪17,000+ DAYS Hardcore Minecraft🟪!project !tour !socials🟪",['English'],[],False
7,2025-04-13 04:01,544,minecraft,True,HelloMyNameIsJarvis,en,Minecraft,"IT'S MY BIRTHDAY, COME CELEBRATE WITH ME! 🎂 FREE COZY VIBES","['English', 'Cozy', 'Birthday', 'PassengerPlayingWelcome']",[],False
8,2025-04-13 04:12,361,the-sims-4,False,ORRsumn,en,The Sims 4,"SIMMING AND SIPPING ||ANQUAN IN D10 || SUB GOAL : 1,250 || !tip !lurk !unlurk","['BLACKSIMMER', 'ORRSUMN', 'PHARAOH', 'RAOHVALLEY', 'D10', 'English']",[],False
8,2025-04-13 04:12,361,the-sims-4,True,LeilaniOrange,en,The Sims 4,3 New Expansion & Game Packs YAY Chat voted Cozy Vibes! Shots 4 Support 🧡Raids Welcomed! Partner Push 🧡!smackin !rogue !lurk !sr 🧡,"['Polynesian', 'Woman', 'Chill', 'SongRequests', 'GamerGirl', 'Black', 'SafeSpace', 'English', 'Nice', 'Princess']",[],False
8,2025-04-13 04:12,361,the-sims-4,False,GoldenFemme,en,The Sims 4,[18+] sims then cyberpunking. semi-long stream saturday | 420 cozy vibes| !commands,"['English', 'LGBTQIAPlus', '18plus', 'LoreNerd', 'Black', '420', 'Lesbian', 'NoBackseating', 'VanillaSims']",['ProfanityVulgarity'],False
8,2025-04-13 08:01,310,overwatch-2,False,August,en,Overwatch 2,🔴TOP 500 SUPPORTING!🔴Facecam stream so you can see the weekend games drain my sanity one game at a time.,"['Kiriko', 'Support', 'ADHD', 'Anime', 'Top500', 'English', 'Ana', 'Juno']",[],False
8,2025-04-13 08:01,310,overwatch-2,True,iddqd,en,Overwatch 2,"[TOP 14 DPS] CALLING ALL OILERS, I NEED AN OFFDAY.","['gigachad', 'aimbot', 'FPS', 'English', 'adhd', 'swedish', 'pro', 'Educational', 'Cassidy']",[],False
8,2025-04-13 08:01,310,overwatch-2,False,Moreweth,en,Overwatch 2,I Will Play Only Mercy Until I reach GrandMaster | Day 284 | Sub = Vod Review,"['AMA', 'English', 'Portuguese', 'GreatMusic', 'PlayingwWithViewers', 'Overwatch', 'vodreview', 'Perks', 'Mercy']",[],False
8,2025-04-13 12:01,398,grand-theft-auto-v,True,thedanirep,es,Grand Theft Auto V,MARATÓN DE DANIREP - DÍA 611,"['Español', 'Repetir']",['MatureGame'],False
8,2025-04-13 12:01,398,grand-theft-auto-v,False,HotGirlHSA,en,Grand Theft Auto V,🔥ASH CASH🔥HOTTIE LADY🔥FDG🔥 18+ @hotgirlhsa 🔥!server !socials !tip !discord,"['Aussie', 'Woman', 'Australia', 'Findom', 'Women', 'FDG', 'English', 'Egirl', 'GTARP', 'Roleplay']",['MatureGame'],False
8,2025-04-13 12:01,398,grand-theft-auto-v,False,SrVnthony,es,Grand Theft Auto V,💎 GTA ONLINE PS4 💎 Cheteo y venta de cuentas | KDD | CarMeets | LS | Rutas | Carreras | Tradeos y Mucho más...,"['Español', 'PS5', 'PS4', 'PC', 'Variedad']",['MatureGame'],False
8,2025-04-13 16:01,331,grand-theft-auto-v,False,thedanirep,es,Grand Theft Auto V,MARATÓN DE DANIREP - DÍA 618,"['Español', 'Repetir']",['MatureGame'],False
8,2025-04-13 16:01,331,grand-theft-auto-v,False,OfficerMesser,en,Grand Theft Auto V,GAMERS FOR GIVING 2025!! Today WE do it for the KIDS!!! TARP FAMILY ON TOP!!  COP PLAYS CRIM 🚨 !TheAcademyRP Ghost for 20% off Code Messer,['English'],['MatureGame'],False
8,2025-04-13 16:01,331,grand-theft-auto-v,True,gTasty,de,Grand Theft Auto V,[NarcoCity] Peppi Moser COMEBACK !dc !insta !youtube,['Deutsch'],['MatureGame'],False
9,2025-04-13 16:08,309,ea-sports-fc-25,False,AuzioMF,en,EA Sports FC 25,SWEATING MALDINI CUP! 🚨 !433 !prime !tts @AuzioMF,['English'],[],False
9,2025-04-13 16:08,309,ea-sports-fc-25,False,jirotf16,en,EA Sports FC 25,⛓️FC25 ASTON VILLA CAREER MODE!⛓️GLOVEJOB IN LEAGUE 2!?⛓️!COMMUNITY⛓️!CLIPS⛓️!PRIME⛓️FC25!⛓️VARIETY⛓️,"['fc25', 'eafc25', 'careermode', 'English']",[],False
9,2025-04-13 16:08,309,ea-sports-fc-25,True,LA4AWALE,en,EA Sports FC 25,GG MALDINI OBJECTIVE✅ 🚨 SUBSCRIBE TO MY 2ND YT CHANNEL🚨  !LOOTBAR !YOUTUBE !DISCORD,['English'],[],False
10,2025-04-13 16:15,526,sea-of-thieves,True,SnowyFPS,en,Sea of Thieves,Galleon Hourglass ⛵ │ !level ⭐,"['English', 'Variety', 'snowyfps', 'seaofthieves', 'hourglasspvp', 'hourglass', 'immortalValorant']",[],True
10,2025-04-13 16:15,526,sea-of-thieves,False,Gosfather,en,Sea of Thieves,TODAY!!! BLACK DOG PACK GIVEAWAY Pirate Game Politics @markc_420 @nuttieosa !chaos !giveaway !discord !bilge,"['giveaway', 'seaofthieves', 'English', 'blackdog', 'PvP', 'PvE', 'Ferryman']",[],True
10,2025-04-13 16:15,526,sea-of-thieves,False,LeVraiDoffy,fr,Sea of Thieves,🔴!GIVEAWAY🔴 BIG LIVE VOL ATHENA ft VIEWERS🔴❗youtube ❗sub ❗hellofresh #ad,['Français'],[],False
10,2025-04-13 20:01,525,sea-of-thieves,False,Jfourmess,en,Sea of Thieves,SeaOfThieves 🐸 !masters 🐸 !Anxiety 🐸 !fractal #ad,"['Anxiety', 'chill', 'ginger', 'English', 'UK', 'British', 'MDM', 'TheMandem']",['ProfanityVulgarity'],True
10,2025-04-13 20:01,525,sea-of-thieves,True,Davy911R,fr,Sea of Thieves,⚓️ Serveur alliance avec la commu (2 gallion) 2 place dispos,"['Français', 'discussion', 'PartiesAvecLesSpectateurs', 'Partywithviewers', 'AffiliateStreamer', 'English', 'justchatting', 'chill', 'Drop']",[],False
10,2025-04-13 20:01,525,sea-of-thieves,False,AshlynnDivine,en,Sea of Thieves,Why can’t the pirates fire their weapons on Saturdays? They only cannon Sunday's 🤣😂  | !contest ⚡ !socials 📱 |⚡Powered by @TheRogueEnergy,"['mom', 'SheHer', 'LurkerFriendly', 'bookwormenthusiast', 'English', 'Ally', 'Chatty']",[],False
10,2025-04-14 00:01,431,league-of-legends,True,KarasMai,en,League of Legends,2 Challenger Accounts - Rank 1 Kayn World -  !Challenger !discord,"['English', 'kayn']",[],False
10,2025-04-14 00:01,431,league-of-legends,False,Sanchovies,en,League of Legends,early top lane reps... kinda sick so might not speak as much >_<,['English'],[],False
10,2025-04-14 00:01,431,league-of-legends,False,VamFPS,en,League of Legends,night games :P,"['valorant', 'FPS', 'Chill', 'English', 'chatting']",[],False
10,2025-04-14 04:02,554,the-sims-4,True,DingoVerde,es,The Sims 4,OW2 y después Simeamos?,"['Charlandoconelchat', 'MainSupport', 'Español', 'Overｗatch2', 'Castellano', 'PrimerJuego', 'Jugarconespectadores', 'drops']",['ProfanityVulgarity'],False
10,2025-04-14 04:02,554,the-sims-4,False,lilievemakeup,en,The Sims 4,SIMS SUNDAY - NSB challenge gen 5!!! Better late than never *certified cozy* 18+,"['english', 'chatting', 'casualgamer', 'cozy', 'adhd', 'queer', '420friendly', 'sims4', 'sims4gameplay', 'NotSoBerryChallenge']",[],False
10,2025-04-14 04:02,554,the-sims-4,False,StrawberriSims,en,The Sims 4,♡ building a boba tea shop in the sims 4 ♡,"['English', 'Cozy', 'MentalHealth', 'LGBTQFriendly', 'SuicidePrevention', 'Latina', 'sims4']",[],False
10,2025-04-14 08:02,374,minecraft,False,gkey,en,Minecraft,"🟪17,000+ DAYS Hardcore Minecraft🟪!project !tour !socials🟪",['English'],[],False
10,2025-04-14 08:02,374,minecraft,False,Acceptationn,en,Minecraft,Day 2 OF DIRTSMP!!! Lifesteal SMP with Viewers :) [!discord | !Ip],"['English', 'Minecraft', 'Bedwars', 'Hypixel', 'facecam', 'Gamer', 'lgbtq', 'SMP', 'lifesteal', 'PlayingwWithViewers']",[],False
10,2025-04-14 08:02,374,minecraft,True,PewDiePie,en,Minecraft,Minecraft Monday! ∞ Binge @PewDiePie vids 24/7 with chat ∞ !video,"['Minecraft', 'YouTube', 'AlwaysOn', 'English', 'Rerun']",[],True
11,2025-04-14 08:10,555,the-sims-4,False,lossayyy,en,The Sims 4,GIVEAWAY - BUSINESSES & HOBBIES! Building a modern house! | !what !eacode,"['northernireland', 'ireland', 'irish', 'chaotic', 'safespace', 'funny', 'English', 'chatty', 'mentalhealth', 'Disabled']",[],False
11,2025-04-14 08:10,555,the-sims-4,True,pia_nolu,de,The Sims 4,Community Projekt🫂: ANZ-Savefile wir bauen🏠 ein Haus in Ciudad Endamorada| !anz !savefile,"['Deutsch', 'chaos', 'dontberude', 'safeplace', 'verpeilt', 'verplant']",[],False
11,2025-04-14 08:10,555,the-sims-4,False,ORRsumn,en,The Sims 4,"MORNING SIMMING || SUB GOAL : 1,250 || !tip !lurk !unlurk","['ORRSUMN', 'PHARAOH', 'RAOHVALLEY', 'English']",[],False
11,2025-04-14 12:01,501,ea-sports-fc-25,False,Shawrey_,en,EA Sports FC 25,IMMORTALS TEAM 2 FUT CHAMPS SALAH'S STARS!! !sapninstore !prime !hashtaghouse,['English'],[],False
11,2025-04-14 12:01,501,ea-sports-fc-25,True,AuzioMF,en,EA Sports FC 25,(7-0) FUT CHAMPS! 🚨 !team !433 !prime !tts @AuzioMF,['English'],[],False
11,2025-04-14 12:01,501,ea-sports-fc-25,False,EXD_Kaylan,en,EA Sports FC 25,MALDINI OBJECTIVEEEE TIMEEEE | LEAO CHAMPSSSS !discord !camera !R9 !4231 !4213,['English'],[],False
11,2025-04-14 16:01,361,ea-sports-fc-25,False,TheFutAccountant,en,EA Sports FC 25,IT'S HAPPENING - TOTS! !prime !code,"['FIFA', 'Soccer', 'Football', 'English']",[],False
11,2025-04-14 16:01,361,ea-sports-fc-25,False,jirotf16,en,EA Sports FC 25,⛓️FC25 ASTON VILLA CAREER MODE!⛓️WORLD CUP DAY WITH GLOVEJOB!⛓️!COMMUNITY⛓️!CLIPS⛓️!PRIME⛓️FC25!⛓️VARIETY⛓️,"['fc25', 'eafc25', 'careermode', 'English']",[],False
11,2025-04-14 16:01,361,ea-sports-fc-25,True,BefekOne1,es,EA Sports FC 25,DIA DE MEJORITAS MAXIMAS + BARESI SBC / ABRIENDO ICONOS + LIGA EN LA CUENTA SECUUU,['Español'],[],False
12,2025-04-14 16:09,523,sea-of-thieves,False,BoxyFresh,en,Sea of Thieves,🏴‍☠️HOWDY🏴‍☠️  TTS 500  !latest !merch !art,"['English', 'LordofFrenziedFlame', 'OnlyUpChampion', 'SubnauticaFirefighter', 'ProLegoBuilder', 'PuzzleMaster', 'AmateurAstronomer', 'GetToWorkCEO']",[],False
12,2025-04-14 16:09,523,sea-of-thieves,False,boy50n_300,en,Sea of Thieves,🟩We Will Get You!🟩Prime🟩 TTS 100🟩Discord!🟩10 Gifted for Giveaway.,"['English', 'Pirates', 'Rerun', 'ADHD', 'OCDGAMER']",[],True
12,2025-04-14 16:09,523,sea-of-thieves,True,lovabledogman,en,Sea of Thieves,hourglass until I can't physically.,"['English', 'comp', 'PvP', 'chill', 'hourglass', 'hg']",[],False
13,2025-04-14 16:19,388,league-of-legends,False,Dantes,en,League of Legends,ALMOST GM - 80% WR MASTERS - BEST HEC WORLD - DEMON GRIND TO GM,['English'],[],False
13,2025-04-14 16:19,388,league-of-legends,True,Caedrel,en,League of Legends,🔴LEC COSTREAM KC VS HERETICS #WatchLEC !dpmlol !discord !displate,"['English', 'LPL', 'LCK', 'LEC']",[],False
13,2025-04-14 16:19,388,league-of-legends,False,humzh,en,League of Legends,ADC TOP IS OP | I WILL GET BACK RANK 1 SAVING NA ☪ 9Yrs Challenger EU/KR/NA😈 !coaching !cutoff,['English'],[],False
0,2025-04-14 18:57,850,league-of-legends,True,Dantes,en,League of Legends,ALMOST GM - 80% WR MASTERS - BEST HEC WORLD - DEMON GRIND TO GM,['English'],[],False
0,2025-04-14 18:57,850,league-of-legends,False,Nightblue3,en,League of Legends,1041 LP CHALLENGER JUNGLE (peak),['English'],[],False
0,2025-04-14 18:57,850,league-of-legends,False,loltyler1,en,League of Legends,KINGS RETURN ACTION HAPPEN ! ADVENTURE AWAY APART ARRIVE BECOME !! hahaha CLASSICS BIG TONKS !! true now SILENCE ! let worker and focus !,"['English', 'loltyler1', 'tyler1']",[],False
0,2025-04-14 20:01,799,marvel-rivals,False,shroud,en,Marvel Rivals,[NAMOR DROPS] I am the problem. |!shroudx,"['English', 'DropsEnabled']",[],False
0,2025-04-14 20:01,799,marvel-rivals,False,silvermist305,en,Marvel Rivals,"Another Day, Another Stream, Same Chaotic Energy","['gamergirl', 'CuteStreamer', 'LiveChatting', 'interactiveStreamer', 'girlstreamer', 'TalkingwithViewer', 'WomenGamers', 'womenoftwitch', 'asiangirl', 'marvelrivals']",[],False
0,2025-04-14 20:01,799,marvel-rivals,True,driponii,en,Marvel Rivals,[DROPS ENABLED] ABSOLUTELY CHILLIN AND VIBIN TO T500 | !drops !discord !youtube,"['English', 'AuraFarming', 'ViewerInteraction', 'marvelrivals', 'top500', 'blackpanther', 'chill', 'EU', 'drops', 'DropsEnabled']",[],False
1,2025-04-14 20:17,649,fortnite,True,v_Rage_x,en,Fortnite,FORTNITE | 400+ CROWNS | CODE VRAGEX,"['chat', 'chill', 'talk', 'fortnite', 'English']",[],False
1,2025-04-14 20:17,649,fortnite,False,Zemie,en,Fortnite,"NEW RELOAD MAP & MAMMOTH PISTOL TOMORROW | Use Code ""Zemie"" #EpicPartner","['ZeroBuild', 'Fortnite', 'Predictions', 'Competitive', 'English']",[],False
1,2025-04-14 20:17,649,fortnite,False,HappyHappyGal,en,Fortnite,Good Bunny 😇 Bad Bunny! 😈,"['English', 'Christian', 'Women', 'Woman', 'Girl', 'Female', 'PlayingWithViewers', 'FamilyFriendly', 'Fortnite', 'ZeroBuild']",[],False
1,2025-04-15 00:02,896,fortnite,False,HappyHappyGal,en,Fortnite,Good Bunny 😇 Bad Bunny! 😈,"['English', 'Christian', 'Women', 'Woman', 'Girl', 'Female', 'PlayingWithViewers', 'FamilyFriendly', 'Fortnite', 'ZeroBuild']",[],False
1,2025-04-15 00:02,896,fortnite,False,BarriGG,es,Fortnite,Partidas Privadas con Seguidores || 🏆BARRICUP Fortnite,['Español'],[],False
1,2025-04-15 00:02,896,fortnite,True,BushCampDadVODs,en,Fortnite,BushCampDad 24/7,"['Fortnite', 'bushcampdad', 'Bushcamper', 'bushcamping', 'bushcamp', 'FamilyFriendly', 'Rerun', 'English']",[],False
2,2025-04-15 00:19,821,ea-sports-fc-25,True,zwebackhd,en,EA Sports FC 25,"(+)🥶 NEW DAY, NEW ZWE!! BYEDINI? MORE LIKE HELLO BARESI?!? COPIUM!! ELITE DIV GAVER FINISHES WL!! Monday RTG Vibin' !merch !prime","['FIFA', 'SPORTS', 'SOCCER', 'English', 'FC']",[],False
2,2025-04-15 00:19,821,ea-sports-fc-25,False,Snipeshot5000,en,EA Sports FC 25,(PRO) PRO CHAMPS SPEEDRUN | FORMATION CHALLENGE VS @AdidaFC | TOP 50 ELITE DIV RIVALS | !tactics !discord !coaching !youtube (ENG/ESP),"['Pro', 'ELITE', 'English', 'SpanishAndEnglish', 'HelpsViewers']",[],False
2,2025-04-15 00:19,821,ea-sports-fc-25,False,ewikson2,en,EA Sports FC 25,Late night Pro clubs,"['English', 'Español', 'Italiano', 'Nederlands', 'Magyar', 'proclubs', 'Deutsch', 'Français', 'Polski', 'Dansk']",[],False
2,2025-04-15 04:01,619,fortnite,False,Oatley,en,Fortnite,"FNCS SCRIMS | Code ""Oatley"" #ad | !socials !youtube !fncs","['FamilyFriendly', 'Fortnite', 'BattleRoyale', 'Multiplayer', 'Action', 'Competitive', 'Professional', 'Positivity', 'PC', 'English']",[],False
2,2025-04-15 04:01,619,fortnite,True,HokagoPT,en,Fortnite,[DROPS] 💥MASSIVE UPDATE INCOMING!💥 | Play w/Followers | Use Code: HOKAGOPT | !join,"['vtuber', 'chatty', 'english', 'anxiety', 'positivity', 'battleroyale', 'English']",[],False
2,2025-04-15 04:01,619,fortnite,False,Loeya,en,Fortnite,Hotfix update today?! Code: LOEYA #EpicPartner,"['Cats', 'BattleRoyale', 'English']",[],True
2,2025-04-15 08:02,668,fortnite,False,Oatley,en,Fortnite,"RELOAD FORTNITE UPDATE | Code ""Oatley"" #ad | !socials !youtube !fncs","['FamilyFriendly', 'Fortnite', 'BattleRoyale', 'Multiplayer', 'Action', 'Competitive', 'Professional', 'Positivity', 'PC', 'English']",[],False
2,2025-04-15 08:02,668,fortnite,False,MRLUST,en,Fortnite,💅SHE/HER💅#1 RANKED FEMALE WORLDWIDE🍑GIANT GYATT🍑USE CODE LUST👑ASMR👑!CROSSHAIR👑SPANISH/ENG/GERMAN👑!ORG👑,"['xqc', 'kaicenat', 'ASMR', 'English', 'Fortnite', 'KingsLeague', 'valorant', 'minecraft', 'dota2', 'FaZe']",[],False
2,2025-04-15 08:02,668,fortnite,True,GhostNinja,en,Fortnite,🔴DROPS ON🔴NEW UPDATE 🔥 FREE SKIN NOW! 🔥,"['English', 'DropsEnabled']",[],False
3,2025-04-15 08:15,769,sea-of-thieves,False,Flux,en,Sea of Thieves,🟩 SOLO PVP 🟩 DAY 11/∞ SINKING TALL TALERS,"['seaofthieves', 'Pirate', 'English', 'drops', 'Adventure', 'PvP']",[],False
3,2025-04-15 08:15,769,sea-of-thieves,False,QueenofShebasCat,en,Sea of Thieves,Silly Goose Activities: Mischievous Pirating on Boats!!! | TTS 60 !crew !lurk !goose,"['JustaSillyGoose', 'Jazz', 'SoundAlertsEnabled', 'StuffAndThings', 'Chill', 'English', 'QUACK']",[],False
3,2025-04-15 08:16,769,sea-of-thieves,True,Raccoonlamundo,en,Sea of Thieves,NOTHING BUT TROUBLE 🩷 SUPER EFFICIENT 🩷 MOMMYLAMUNDO 🩷 !sub !merch !gdc TTS200 🩷,"['English', 'Airtight', 'FatEarther', 'IncreasedMarketValue', 'ProdigyRP', 'GTARP', 'SeaofThievesPartner']",[],False
4,2025-04-15 08:31,827,valorant,False,nAts,en,VALORANT,Liquid nAts | On the way to TOP 1 | !Alienware !match !where !tg !social [RU/ENG],"['English', 'Русский', 'VALORANT']",[],False
4,2025-04-15 08:31,827,valorant,False,Hamy,en,VALORANT,HAMY RANKED,['English'],['ProfanityVulgarity'],False
4,2025-04-15 08:31,827,valorant,True,PROD,en,VALORANT,ARISE,"['English', 'PROD']",[],False
5,2025-04-15 08:47,748,overwatch-2,False,mL7support,en,Overwatch 2,🔴!DROPS ON 🔴 !STADIUM PLAYTEST GAMEPLAY 🔴 !VIDEO !SOCIALS 🔴,"['English', 'gaming', 'Overｗatch2', 'SupportMain', 'DropsEnabled']",[],False
5,2025-04-15 08:47,748,overwatch-2,False,Emongg,en,Overwatch 2,[!DROPS ENABLED] OVERWATCH 2 GAMING - PLAYING SOME STADIUM LATER,"['English', 'DropsEnabled']",[],False
5,2025-04-15 08:47,748,overwatch-2,True,pcprincesss,en,Overwatch 2,[DROPS] derank simulator 🩷 NEW SEASON IN 7 DAYS,"['English', 'girl', 'overwatch', 'mercymain', 'egirl', '420friendly', 'mercymain', 'OverwatchRanked', 'DropsEnabled']",[],False
6,2025-04-15 12:02,835,minecraft,True,JonBams,en,Minecraft,MADPACK 5: Salty Shores | HARDCORE | Green Goblin Run |,['English'],['ProfanityVulgarity'],False
6,2025-04-15 12:02,835,minecraft,False,thefreddymc,en,Minecraft,I AM BACK 👽 #1 WORST STREAMER RETURNS 👽 YAPITER WILL BE SAVED 👽 BEATING MINECRAFT IN UNDER 35:00,['English'],[],False
6,2025-04-15 12:02,835,minecraft,False,HiProportion,en,Minecraft,!CAPE - NEW SURVIVAL SERVER,"['English', 'minecraft', 'cape', 'homecape', 'minecraftmovie', 'hiproportion', 'Minecraftupdate', 'PlayingwithViewers', 'hive', 'HappyGhast']",[],False
6,2025-04-15 16:03,612,roblox,False,zinxlinkk,en,ROBLOX,💸PLS DONATE ROBUX GIVEAWAYS 💸| ROBUX? POG?  | ✨NEW PC NEW ME✨ | ✨DAY #10000 OF BEING INCONSISTENT ✨ | !play !group !roblox,['English'],[],False
6,2025-04-15 16:03,612,roblox,True,Je_remy_,en,ROBLOX,Donating Robux & Giveaways! 🤑,"['English', 'Robux']",[],False
6,2025-04-15 16:03,612,roblox,False,not_m1nh,en,ROBLOX,DAY 8 NOOB TO PRO ANIME LAST (NOT BOOSTED AT ALL),"['English', 'asain']",[],False
0,2025-04-15 18:43,957,roblox,True,bundun,en,ROBLOX,GETTING CARRIED IN DEAD RAILS BY A ROBLOX KID (Ft. Tim),"['Austrailan', 'youtube', 'bundun', 'shorts', 'English']",[],False
0,2025-04-15 18:43,957,roblox,False,n1nen1nen1ne,en,ROBLOX,ROBLOX PS99 SLIME UPDATE - ADDING FANS! DONATING HUGES TO MY FOLLOWERS! PLAYING W/ VIEWERS!,['English'],[],False
0,2025-04-15 18:43,957,roblox,False,Akolon29,en,ROBLOX,💎 PS99 💎Free Huges For Chat! Sub for insane Rewards!  75 CCV Titanic Giveaway Goal,"['Chill', 'Anime', 'Depression', 'Funny', 'ADHD', 'PS99', 'Giveaways', 'English']",[],False
0,2025-04-15 20:02,868,the-sims-4,True,TheBonnetSimmer,en,The Sims 4,Sims 4 and Vibez !sub !discord !yt,"['sims4', 'English', 'Female', 'funny', 'simulation', 'ChattingAndGaming', 'Realism', 'Hotspot', 'GrownFolks']",[],False
0,2025-04-15 20:02,868,the-sims-4,False,IceTalks,en,The Sims 4,🍋 100 baby vampire challenge with your zesty bestie! let's suck some........ blood?,"['LGBTQIA', 'Queer', 'Gay', 'cozygamer', 'slaying', 'English', 'ADHD', 'LGBTQPlus', 'MentalHealth', 'chaos']",[],False
0,2025-04-15 20:02,868,the-sims-4,False,dabney_mallory,en,The Sims 4,♡ Is Cottage Living still fun? ♡ | !donate to Hope For Haiti,"['Cozy', 'SafeSpace', 'LurkerFriendly', 'EAPartner', 'ClosedCaptions', 'English', 'simmer']",[],False
0,2025-04-16 00:02,1099,valorant,True,eggsterr,en,VALORANT,2-0 But ITS NOT ENOUGH  - !merch !tts,['English'],[],False
0,2025-04-16 00:02,1099,valorant,False,SuuhS2k,pt,VALORANT,✨DUVIDO BATEREM A META✨  | !SORTEIO💜 Use Code: SUUHS2K Na Loja Do Fortnite💜 #AD (+18),"['fortnite', 'Mulher', 'Games', 'resenha', 'diversão', 'Português', 'PC', 'GTARP']",[],False
0,2025-04-16 00:03,1099,valorant,False,punccc,en,VALORANT,ur not crashing out white boy youre losing your marbles | !discord !socials,"['English', 'VALORONAT', 'newagent', 'LOUD', 'funny', 'sexygamer', 'VALORANＴ', 'valorant', 'toxic', 'wholesome']",[],False
0,2025-04-16 04:01,958,minecraft,False,gkey,en,Minecraft,"🟪17,000+ DAYS Hardcore Minecraft🟪!project !tour !socials🟪",['English'],[],False
0,2025-04-16 04:01,958,minecraft,True,mellondoodle,en,Minecraft,"🌱 1,800+ day hardcore world • the fishing village growsss 🌱 » !newvid «","['SafeSpace', 'Woman', 'English', 'minecraft', 'hardcoreminecraft', 'Cozy', 'LurkerFriendly']",[],False
0,2025-04-16 04:01,958,minecraft,False,SonnyDeacle,en,Minecraft,Can't sleep? Minecraft,"['Mİnecraft', 'NZ', 'MinecraftSurvival', 'MC', 'newzealander', 'minecraftserver', 'Hardcore', 'Bigboy', 'Coolstreamer', 'English']",[],False
0,2025-04-16 08:01,897,sea-of-thieves,False,Flux,en,Sea of Thieves,🟩 SOLO PVP 🟩 DAY 12/∞ SINKING TALL TALERS,"['seaofthieves', 'Pirate', 'English', 'drops', 'Adventure', 'PvP']",[],False
0,2025-04-16 08:01,897,sea-of-thieves,True,OogidyBoogidy62,en,Sea of Thieves,WE ARE BACK ON SOT! ⏳HOURGLASS⏳,"['English', 'Hottub', 'gamergirl', 'australian', 'seaofthieves', 'OCE', 'PVP', 'hourglass', 'dailystreamer', 'LurkerFriendly']",[],False
0,2025-04-16 08:01,897,sea-of-thieves,False,Raccoonlamundo,en,Sea of Thieves,NOTHING BUT TROUBLE 🩷 SUPER EFFICIENT 🩷 MOMMYLAMUNDO 🩷 !sub !merch !gdc TTS200 🩷,"['English', 'Airtight', 'FatEarther', 'IncreasedMarketValue', 'ProdigyRP', 'GTARP', 'SeaofThievesPartner']",[],False
0,2025-04-16 12:02,764,counter-strike,True,relog_cs_c,en,Counter-Strike,[B] BLAST.tv 2025 Austin MRQ Europe - Day 3 - BIG vs. Astralis,"['English', 'CS2', 'counterstrike', 'major', 'm', 'majorcs2']",['MatureGame'],False
0,2025-04-16 12:02,764,counter-strike,False,relog_cs,en,Counter-Strike,[A] BLAST.tv 2025 Austin MRQ Europe - Day 3 - SAW vs. ENCE,"['English', 'CS2', 'counterstrike', 'counterstrike2', 'majorcs2', 'major']",['MatureGame'],False
0,2025-04-16 12:02,764,counter-strike,False,RTPArenaCS,pt,Counter-Strike,[PT-PT] SAW vs ENCE | BLAST.tv Austin Major 2025 Europe Regional Qualifier - Ronda 5 | !saw,"['Português', 'CS2', 'counterstrike', 'MRQ', 'Major', 'SAW']",['MatureGame'],False
0,2025-04-16 16:01,1081,overwatch-2,False,Emongg,en,Overwatch 2,[!DROPS ENABLED] OVERWATCH 2 GAMING - PLAYING SOME STADIUM LATER,"['English', 'DropsEnabled']",[],False
0,2025-04-16 16:01,1081,overwatch-2,False,ZBRA,en,Overwatch 2,"[DROPS] LONG STREAM, DOOMFIST GRIND","['Ranked', 'Doomfist', 'English', 'chill', 'Doomfist', 'DropsEnabled']",[],False
0,2025-04-16 16:01,1081,overwatch-2,True,cowfee,en,Overwatch 2,"!DROPS ON ✿ KIRIKO GAMING & STADIUM PLAYTEST (but not here because I did not get to sign up, pls Blizzard let me in <3)","['art', 'vtuber', 'fps', 'chibi', 'anime', 'English', 'Grandmaster', 'SupportMain', 'Kiriko', 'top500']",[],False
1,2025-04-16 16:23,1168,minecraft,False,Philza,en,Minecraft,The Realm SMP • WE'RE BUILDING? HUH?? • !newvid !realm !map !merch,"['English', 'distracted', 'British', 'Hardcore', 'chill']",[],False
1,2025-04-16 16:23,1168,minecraft,False,JaayMC,en,Minecraft,🌎 Minecraft Survival - Building & Chillin! | 🌠 Partner Grind Streamathon (Day 19) 🌈 how are you?! | !join !partner,"['Survival', 'LGBTQ', 'SafeSpace', 'Cape', 'Drops', 'PlayingWithViewers', 'Chill', 'SMP', 'subathon', 'Minecraft']",[],False
1,2025-04-16 16:23,1168,minecraft,True,mooonriu,en,Minecraft,🌙Minecraft Hardcore🌙,"['Vtuber', 'English', 'Cozy']",[],False
2,2025-04-16 16:45,664,roblox,True,Arguz11,en,ROBLOX,FREE ROBUX ON PLS DONATE! Commands on screen!,"['giveaway', 'playingwithviewers', 'roblox', 'plsdonate', 'bloxfruit', 'English', 'Rerun', 'Albion', 'mammoth', 'Silver']",[],False
2,2025-04-16 16:45,664,roblox,False,SirDanDeMan,en,ROBLOX,Watchtime = Gamepasses Giveaway - 🍬 Bubble Gum Simulator Infinity 🍬- 24/7,"['English', 'Roblox', 'BubbleGumSimulator', 'BGSI', 'Simulator', 'JustChatting', 'Minecraft']",[],False
2,2025-04-16 16:45,664,roblox,False,bushidof1,en,ROBLOX,3v3 BASKETBALL ZERO VS CHAT??,"['gaming', 'Bushido', 'roblox', 'gamer', 'English', 'robloxgames', 'sponsored', 'ad']",[],False
2,2025-04-16 20:02,1157,roblox,False,bradenrds,en,ROBLOX,🟦DOORS FLOOR THREE ?!?!?!?!🟦!discord !tts,"['English', 'funny', 'doors', 'doorsroblox', 'hilarious', 'PlayingwithViewers', 'Partnered', 'DrPepperLover', 'drops']",[],False
2,2025-04-16 20:02,1157,roblox,False,Arguz11,en,ROBLOX,FREE ROBUX ON PLS DONATE! Commands on screen!,"['giveaway', 'playingwithviewers', 'roblox', 'plsdonate', 'bloxfruit', 'English', 'Rerun', 'Albion', 'mammoth', 'Silver']",[],False
2,2025-04-16 20:02,1157,roblox,True,n1nen1nen1ne,en,ROBLOX,ROBLOX - ADDING FANS! PLAYING GAMES WITH VIEWERS! LETS HAVE FUN!,['English'],[],False
3,2025-04-16 20:24,1141,sea-of-thieves,False,Sigy,en,Sea of Thieves,🔴Pirating on a Pirate Game🔴37/100🔴!YT !YT2 !tiktok !discord !OperaGX #ad,['English'],[],True
3,2025-04-16 20:24,1141,sea-of-thieves,False,Cobbobles,en,Sea of Thieves,🧙 Early Stream w/ All Dressed Chips 🧙 !Merch 🧙Day 170 of Subathon !Timer Thing🧙!TTS !Twitter🧙@cobbobles,['English'],[],False
3,2025-04-16 20:24,1141,sea-of-thieves,True,PushinWood,en,Sea of Thieves,🟣(24 HOUR) PARTNER PUSH!🟣SECOND CHANCE STRIM! !GIVEAWAY-DOIN BOAT STUFF! !Controller !TTS !Merch !Discord,"['AMA', 'Skateboarder', 'Multiplayer', 'COMPETITIVE', 'English', 'SoTPartner', 'holidayhoopla']",[],False
4,2025-04-16 20:45,833,counter-strike,False,Stewie2K,en,Counter-Strike,f* bein rational | !store !socials !discord !tradeit,['English'],['MatureGame'],False
4,2025-04-16 20:45,833,counter-strike,True,Hoodiestealerr,en,Counter-Strike,DAY 10 REVIVING NA CS2: !hoodie !followage !breathe !gg !christmas !prime !sus,"['girl', 'gamergirl', 'funny', 'ragebait', 'yourmom', 'christian', 'cs2', 'egirl', 'English']",['MatureGame'],False
4,2025-04-16 20:46,833,counter-strike,False,KEYS404,en,Counter-Strike,We do a little bit of CS2ing | !giveaway !dc,"['chill', 'English', 'GIGACHAD', 'STOPREADINGTHETAGS', 'femboy', 'GoofyAssStream', 'music', 'sendhelp', 'CS2', 'counterstrike']",['MatureGame'],False
4,2025-04-17 00:02,1043,fortnite,False,TypicalGamer,en,Fortnite,(DROPS ON) WATCH 1 HOUR for FREE WRAP + BACKBLING! 👑 DUOS with @richhomiequinn 👑 @bugha is my FNCS DUO!,"['English', 'PC', 'Multiplayer', 'PvP', 'Fortnite', 'DropsEnabled']",[],False
4,2025-04-17 00:02,1043,fortnite,True,Clix,en,Fortnite,🏆 (!DROPS ENABLED) NEW RELOAD MAP WINNING WEST EVAL TOURNEY W/ KHANADA 🏆 | Watch for 60 minutes to claim both DROPS,"['English', 'DropsEnabled']",[],False
4,2025-04-17 00:02,1043,fortnite,False,MrJashon,en,Fortnite,{WRAP AND BACKBLING DROPS HERE!} !drop -> FORTNITE BUT IM AHH </3🔴MOST TOXIC COMMUNITY </3🔴 !youtube !instagram !discord,"['English', 'ADHD', 'skinny', 'mukbang', 'gamer', '6feet2', 'drops', 'event', 'DropsEnabled']",['ProfanityVulgarity'],False
4,2025-04-17 04:03,866,counter-strike,False,kant0ka,en,Counter-Strike,[EN/RU] FlyQuest vs. SemperFi | BLAST.tv 2025 Austin Major - Oceania Regional Qualifier Grand Final,"['CS2', 'hotuesports', 'Русский', 'English', 'PGL', 'pglastana2025', 'pglcs2', 'PGLASTANA2025ASIA', 'SEMPERFI', 'FlyQuest']",['MatureGame'],False
4,2025-04-17 04:03,866,counter-strike,False,ESLCS,en,Counter-Strike,HIGHLIGHTS: FlyQuest vs TYLOO - ESL Pro League Season 21,['English'],['MatureGame'],False
4,2025-04-17 04:03,866,counter-strike,True,GeT_RiGhT,en,Counter-Strike,⭐ Thursday Vibes ⭐ CS:GO Showmatch at 14* ⭐ !INUI !YOUTUBE ( N E W ) !TRADEIT,"['CS2', 'cs', 'swedish', 'English', 'OG', 'legend', 'onepointsix', 'VarietyGamer', 'watchparty', 'HoF']",['MatureGame'],False
5,2025-04-17 04:20,1071,roblox,True,TheRaizon,es,ROBLOX,JUGANDO CON USTEDES Y CHARLANDO!!,"['Español', 'roblox', 'minecraft', 'charlando', 'Peru', 'humor', 'latinoamerica']",[],False
5,2025-04-17 04:20,1071,roblox,False,Arguz11,en,ROBLOX,FREE ROBUX ON PLS DONATE! Commands on screen!,"['giveaway', 'playingwithviewers', 'roblox', 'plsdonate', 'bloxfruit', 'English', 'Rerun', 'Albion', 'mammoth', 'Silver']",[],False
5,2025-04-17 04:20,1071,roblox,False,ItsZaul,en,ROBLOX,🟪PLAYING RANDOM ROBLOX GAMES🟪!discord,"['English', 'gaming', 'roblox', 'robloxgame', 'robloxgames', 'robloxgamer', 'robloxgaming', 'robloxstream']",[],False
5,2025-04-17 08:03,669,sea-of-thieves,True,Captain_Falcore,en,Sea of Thieves,NEW EVENT Just Dropped! Lets sTash it! !gfuel !apex !awktoo,"['PvP', 'Friendly', 'English', 'humble', 'English', 'memes', 'KaleSmoothie', 'Sneaky']",[],False
5,2025-04-17 08:03,669,sea-of-thieves,False,Flux,en,Sea of Thieves,🟩 SOLO PIRATE LEGEND RUN 🟩 !discord,"['seaofthieves', 'Pirate', 'English', 'drops', 'Adventure', 'PvP']",[],False
5,2025-04-17 08:03,669,sea-of-thieves,False,Raccoonlamundo,en,Sea of Thieves,BIGGER NEWS 🩷 SUPER EFFICIENT 🩷 MOMMYLAMUNDO 🩷 !sub !merch !gdc TTS200 🩷,"['English', 'Airtight', 'FatEarther', 'IncreasedMarketValue', 'ProdigyRP', 'GTARP', 'SeaofThievesPartner']",[],False
5,2025-04-17 12:02,963,sea-of-thieves,True,Captain_Falcore,en,Sea of Thieves,NEW EVENT Just Dropped! Lets sTash it! !gfuel !apex !awktoo,"['PvP', 'Friendly', 'English', 'humble', 'English', 'memes', 'KaleSmoothie', 'Sneaky']",[],False
5,2025-04-17 12:02,963,sea-of-thieves,False,HitboTC,en,Sea of Thieves,Pirate Guide & Cosmetic Giveaways ☠️ TTS 500 ⚔️ (!nordvpn) (!banana) (!pie) (!steak) (!giveaway) (!coffee),"['SeaofThievesPartner', 'English', 'Dad', 'PvP', 'Memes', 'NewPlayersWelcome', 'Gaslighting', 'FamilyFriendly']",[],True
5,2025-04-17 12:02,963,sea-of-thieves,False,Raccoonlamundo,en,Just Chatting,I MUSTACHE YOU A QUESTION 🩷 SUPER EFFICIENT 🩷 MOMMYLAMUNDO 🩷 !sub !merch !gdc TTS200 🩷,"['English', 'Airtight', 'FatEarther', 'IncreasedMarketValue', 'ProdigyRP', 'GTARP', 'SeaofThievesPartner']",[],False
5,2025-04-17 16:02,1130,league-of-legends,False,Kadeem718,en,League of Legends,My Stream,['English'],[],False
5,2025-04-17 16:02,1130,league-of-legends,True,Rekkles,en,League of Legends,🔴 Los Ratones Support 🔴,['English'],[],False
5,2025-04-17 16:02,1130,league-of-legends,False,Komari,en,League of Legends,LOWMASTER KOREA TODAY 💜 | KOREA DAY 7 | YASUO !GUIDE OUT NOW | !race !discord !pros,"['English', 'Yasuo', 'Yone', 'Challenger', 'pzzzang', 'English', 'korean']",[],False
5,2025-04-17 20:02,642,fortnite,True,Clix,en,Fortnite,🚨 (!DROPS ENABLED) WINNING SOLO CASH CUP INTO TOKES ALL NIGHT 🚨| GRANDS SOON !  | Watch for 60 minutes to claim both DROPS,"['English', 'DropsEnabled']",[],False
5,2025-04-17 20:02,642,fortnite,False,AsianJeff,en,Fortnite,🏆WINNING SOLO CASH CUP🏆 | !sub !add !socials !community !trio !newvid,"['English', 'DropsEnabled']",[],False
5,2025-04-17 20:02,642,fortnite,False,v_Rage_x,en,Fortnite,[DROPS ON] FORTNITE | 400+ CROWNS | CODE VRAGEX,"['chat', 'chill', 'talk', 'fortnite', 'English']",[],False
5,2025-04-18 00:04,998,roblox,False,KreekCraft,en,ROBLOX,BLOX FRUITS GRAVITY UPDATE ☠️ FREE FRUITS ☠️ GIVEAWAY ☠️ ROBLOX LIVE,"['roblox', 'robux', 'ADHD', 'chill', 'LOUD', 'gaming', 'funny', 'Chatty', 'Cozy', 'gamer']",[],False
5,2025-04-18 00:04,998,roblox,False,Arguz11,en,ROBLOX,FREE ROBUX ON PLS DONATE! Commands on screen!,"['giveaway', 'playingwithviewers', 'roblox', 'plsdonate', 'bloxfruit', 'English', 'Rerun', 'Albion', 'mammoth', 'Silver']",[],False
5,2025-04-18 00:04,998,roblox,True,frowsedd,en,ROBLOX,🟪ON THE GRIND!🟪[106/365]🟪,['English'],[],False
6,2025-04-18 00:24,615,valorant,False,Grimm,en,VALORANT,😭SHORT NIGHT STREAM😭BEST SAGE MAY BE BACK😭I DONT CARE ANYMORE😭IM JUST SWINGING😭,['English'],[],False
6,2025-04-18 00:24,615,valorant,False,Ling2x_,en,VALORANT,early morning yap,"['Filipino', 'Philippines', 'English', 'Chatty', 'Conyo', 'Bisaya', 'Malding', 'LoudAF']",[],False
6,2025-04-18 00:24,615,valorant,True,karsonliftz,en,VALORANT,Road to Plat | !coaching !program !dc !bd !hugesupps !helimix !ig !yt !spotify !gym !chill !sad !edm !sens !tracker,"['English', 'valorant']",[],False
7,2025-04-18 00:37,1198,marvel-rivals,True,shroud,en,Marvel Rivals,[DROPS] #RFN SHIKI vs ENVY SUPER TEAM! | !shroudx,"['English', 'DropsEnabled']",[],False
7,2025-04-18 00:37,1198,marvel-rivals,False,KarQ,en,Marvel Rivals,[DROPS ENABLED] Haven't played the new season 2 much. LETS SEE,"['English', 'DropsEnabled']",[],False
7,2025-04-18 00:37,1198,marvel-rivals,False,sinatraa,en,Marvel Rivals,[DROPS] ENVY vs SHIKI GRAND FINALS NEW META,"['English', 'DropsEnabled']",[],False
7,2025-04-18 04:01,977,counter-strike,False,Whaddup,en,Counter-Strike,!giveaway‼️SOLO PREMIER 𝘿𝙀𝙈𝙊𝙉 😈 - 𝙍𝘼𝙂𝙀𝙍 REFORMED 🤬 - 𝐍𝐄𝐕𝐄𝐑 𝐓𝐈𝐋𝐓𝐈𝐍𝐆 😤‼️ | HUDFX on✔️,"['bikelife', 'Boxing', 'English', 'HUDFX', 'Australia', 'NewZealand', '420']","['MatureGame', 'ProfanityVulgarity']",False
7,2025-04-18 04:02,977,counter-strike,False,GeT_RiGhT,en,Counter-Strike,🫶 We Love Fridays! 🫶 We Chill 🫶 We Vibe 🫶  !INUI !YOUTUBE ( N E W ) !TRADEIT,"['CS2', 'cs', 'swedish', 'English', 'OG', 'legend', 'onepointsix', 'VarietyGamer', 'watchparty', 'HoF']",['MatureGame'],False
7,2025-04-18 04:02,977,counter-strike,True,omareloff,en,Counter-Strike,🔵 HYPE NIGHT 🔵 !Mohsin 🔵 !Displate 🔵 !insta 🔵 LiquidRP 🔵 Jose Exotic 🔵 GTA 5 RP 🔵 CS2 🔵 GYM: 5,['English'],['MatureGame'],False
8,2025-04-18 04:20,933,minecraft,True,mellondoodle,en,Minecraft,"🌙 1,850+ day hardcore world • fishing village cafe building 🌙 » !newvid «","['SafeSpace', 'Woman', 'English', 'minecraft', 'hardcoreminecraft', 'Cozy', 'LurkerFriendly']",[],False
8,2025-04-18 04:20,933,minecraft,False,CarlCrafts,en,Minecraft,9550+ DAYS HARDCORE - BUILDING AN ALLAY CASTLE - !THRONE !TIKTOK,"['Australian', 'ADHD', 'Hardcore', 'English', 'Neurodivergent', 'Aussie', 'ClosedCaptions', 'Beard', 'vanilla', 'OCE']",[],False
8,2025-04-18 04:20,933,minecraft,False,SonnyDeacle,en,Minecraft,Can't sleep? Minecraft,"['Mİnecraft', 'NZ', 'MinecraftSurvival', 'MC', 'newzealander', 'minecraftserver', 'Hardcore', 'Bigboy', 'Coolstreamer', 'English']",[],False
8,2025-04-18 08:01,975,sea-of-thieves,True,Beardageddon,en,Sea of Thieves,Steel Hunters sponsor later !steelhunters !247 !mobile !prime !gs #ad #sponsor,"['English', 'Casual', 'Interactive', 'ChatInteraction', 'PvP', 'PvE', 'chill', 'moderated', 'NoPolitics']",[],True
8,2025-04-18 08:01,975,sea-of-thieves,False,OogidyBoogidy62,en,Sea of Thieves,⏳HOURGLASS⏳ W/ @SMIRKYMOJO,"['English', 'Hottub', 'gamergirl', 'australian', 'seaofthieves', 'OCE', 'PVP', 'hourglass', 'dailystreamer', 'LurkerFriendly']",[],False
8,2025-04-18 08:01,975,sea-of-thieves,False,Disengag3d,en,Sea of Thieves,🔵⚪RAGING SCOTTISH TINKABELL ⚪🔵 | 🟢 MEGA STASH COME AT ME - DRAGONWILDS LATER! 🟢 |🟣TTS 200 🟣|,"['Scottish', 'LOUD', 'Cosplay', 'ChatInteraction', 'English', 'RAGE', 'scottishrage', 'ScottishGamer']",[],False
8,2025-04-18 12:02,1040,fortnite,True,MrSavage,en,Fortnite,"HAPPY EASTER, GET IN HERE | !HALLUCINA !CROSSHAIR !PING CODE 200IQ #EpicPartner","['English', 'vogue', 'model', 'DropsEnabled']",[],False
8,2025-04-18 12:02,1040,fortnite,False,BushCampDad,en,Fortnite,[DROPS ON] RANKED RELOAD STRAT GUIDE DAY! | USE CODE BUSHCAMPDAD #AD,"['camping', 'Bushcamper', 'treecamper', 'BadPlayerAlert', 'cantbuild', 'FamilyFriendly', 'English', 'wordsonstream', 'DropsEnabled']",[],False
8,2025-04-18 12:02,1040,fortnite,False,NickEh30,en,Fortnite,DROPS ON - LIVE EVENT COUNTDOWN | Code NickEh30 #EpicPartner,"['Canadian', 'Positivity', 'BattleRoyale', 'PC', 'FamilyFriendly', 'Multiplayer', 'PVP', 'PlayingWithViewers', 'English', 'Drops']",[],False
8,2025-04-18 16:01,832,league-of-legends,False,Tenshi,en,League of Legends,CHO'GATH ONE TRICK! DAY 14 OF LEARNING LEAGUE,"['English', 'british', 'RaspyEboyVoice', 'cosplay', 'competitive']",[],False
8,2025-04-18 16:01,832,league-of-legends,False,Nissaxter,es,League of Legends,⛓️ MI PRIMER EXTENSIBLE ⛓️DÍA 3 ⛓️  CÁRCEL HASTA PLATINO ⛓️  !bits !redes !extensible !elo,['Español'],[],False
8,2025-04-18 16:01,832,league-of-legends,True,SloppyWalrusX,en,League of Legends,570LP Korea SoloQ - Entering High Elo😎,"['Gragas', 'BombaGuy', 'EUW', 'English']",[],False
9,2025-04-18 16:17,1032,the-sims-4,True,leeemazon,en,The Sims 4,TWINS WITH THE MAID! 🛠️✨ Can we survive the 100 baby challenge?!,"['English', 'sims4', 'Sims4Gameplay', 'uksims4', 'blacksimmer', 'ts4', 'Storytelling', 'Fortnite']",[],False
9,2025-04-18 16:18,1032,the-sims-4,False,MissLollypopSims,en,The Sims 4,Building a Rundown Apartment/Bar for My Whimsy Stories Challenge 🍻🛠️,"['Modded', 'British', 'Female', 'LGBTQIA', 'English', 'Cozy', 'goodvibes', 'moderated', 'Chıll']",[],False
9,2025-04-18 16:18,1032,the-sims-4,False,Ayla,en,The Sims 4,🌼Building glimmerbrook mushroom cottages🤍Join for a safe space ☁️!discord,"['english', 'lgbtqiaplus', 'neurodivergent', 'safespace', 'mentalhealth', 'cosygaming', 'queer', 'English']",[],False
9,2025-04-18 20:01,1105,the-sims-4,False,CrumbGamingUk,en,The Sims 4,Simlistic Stories: The Ivy,"['Kindness', 'Chatty', 'English']",[],False
9,2025-04-18 20:01,1105,the-sims-4,False,IceTalks,en,The Sims 4,🍋 100 baby vampire challenge with your zesty bestie! let's suck some...... blood?,"['LGBTQIA', 'Queer', 'Gay', 'cozygamer', 'slaying', 'English', 'ADHD', 'LGBTQPlus', 'MentalHealth', 'chaos']",[],False
9,2025-04-18 20:01,1105,the-sims-4,True,dabney_mallory,en,The Sims 4,♡ love trope legacy (gen 5) ♡ | !donate to Hope For Haiti | #eapartner,"['Cozy', 'SafeSpace', 'LurkerFriendly', 'EAPartner', 'ClosedCaptions', 'English', 'simmer']",[],False
10,2025-04-18 20:23,808,sea-of-thieves,False,Sigy,en,Sea of Thieves,🔴Pirating on a Pirate Game🔴39/100🔴!YT !YT2 !tiktok !discord !OperaGX #ad |,['English'],[],True
10,2025-04-18 20:23,808,sea-of-thieves,False,PushinWood,en,Sea of Thieves,🟣PARTNER PUSH!🟣!GIVEAWAY-DOIN BOAT STUFF! !Controller !TTS !Merch !Discord,"['AMA', 'Skateboarder', 'Multiplayer', 'COMPETITIVE', 'English', 'SoTPartner', 'holidayhoopla']",[],False
10,2025-04-18 20:23,808,sea-of-thieves,True,MakaioSr,en,Sea of Thieves,Fort Nights <OnlyRams>,"['English', 'seaofthieves', 'PvP']",[],False
11,2025-04-18 20:38,734,overwatch-2,True,vulture_ow,en,Overwatch 2,[!DROPS] long stream.... grinding drives. gulp. !discord !newvid,"['English', 'Competitive', 'fps', 'junkrat', 'SewerRat', 'overwatch', 'hashtagawesome', 'DropsEnabled']",[],False
11,2025-04-18 20:39,734,overwatch-2,False,ow_esports,en,Overwatch 2,[DROPS][REBROADCAST] OWCS Champions Clash 2025 | Day 1,"['Esports', 'English', 'fps', 'Shooter', 'Action', 'overwatch2', 'drops', 'OWCS', 'faceit', 'DropsEnabled']",[],False
11,2025-04-18 20:39,734,overwatch-2,False,BroYouWack,en,Overwatch 2,[✅ DROPS] FREE S16 BATTLE PASS TIER SKIPS HERE! COMP DRIVE WEEKEND!,"['Competitive', 'English', 'DropsEnabled']",[],False
11,2025-04-19 00:02,972,minecraft,False,BadBoyHalo,en,Minecraft,Realm Day 135 - Foolish Still Dead,"['English', 'Captions', 'translation', 'translations']",[],False
11,2025-04-19 00:02,972,minecraft,False,Leow0ok,en,Minecraft,CART PVP DAY 11.5!!!,['English'],[],False
11,2025-04-19 00:02,972,minecraft,True,ClownPierce,en,Minecraft,Money SMP Season 3,"['English', 'RPG', 'minecraft', 'eldenring', 'Variety', 'clown']",[],False
12,2025-04-19 00:20,1050,ea-sports-fc-25,False,TinyParkinator,en,EA Sports FC 25,GPFC takes on TBL !club !discord,"['chill', 'safespace', 'gamer', 'pc', 'f4f', 'openlobbies', 'playwithviewers', 'joinme', 'giveaway', 'gifting']",[],False
12,2025-04-19 00:20,1050,ea-sports-fc-25,False,Bugs,en,EA Sports FC 25,(#1 WORLD) MY LAST STREAM,['English'],[],False
12,2025-04-19 00:20,1050,ea-sports-fc-25,True,TheRealPugzilla,en,EA Sports FC 25,Good Friday Champs  - w/Streaming Buffalo,"['GoodVibes', 'OldSchool', 'Amish', 'English', 'dog', 'pug', 'pug']",[],False
13,2025-04-19 00:40,993,marvel-rivals,True,BasimZB,en,Marvel Rivals,🔴 !DROPS 🔴 Best Bald player in the world 🔴 #1 Starlord NA 🔴 !discord 🔴!spin !tts !commands 🔴,"['Competitive', 'English', 'Educational', 'DropsEnabled']",[],False
13,2025-04-19 00:40,993,marvel-rivals,False,NoDamageRocket,en,Marvel Rivals,"NoDmgRocket's Season 2 Comp climb ! [!banned, !elo, !discord, !7tv, !graphics]","['English', 'marvelrivals', 'nomic', 'nodmgrocket', 'NoDamageRocket', 'RocketRaccoon', 'DropsEnabled']",[],False
13,2025-04-19 00:40,993,marvel-rivals,False,iDrawAqua,en,Marvel Rivals,(DROPS) GAMING TIL WE'RE POSITIVE 🥀,"['English', 'DropsEnabled']",[],False
13,2025-04-19 04:02,774,roblox,True,Arguz11,en,ROBLOX,FREE ROBUX ON PLS DONATE! Commands on screen!,"['giveaway', 'playingwithviewers', 'roblox', 'plsdonate', 'bloxfruit', 'English', 'Rerun', 'Albion', 'mammoth', 'Silver']",[],False
13,2025-04-19 04:02,774,roblox,False,qadrienne,en,ROBLOX,[ENG/FIL | 18+] no sleep but we catching sum birbs on beaks // !discord !fish !fishleaderboard,"['asian', 'lgbtqiaplus', 'philippines', 'yapper', 'English', 'Filipino', 'fisch', 'lurkbait', 'beaks']","['DebatedSocialIssuesAndPolitics', 'ProfanityVulgarity']",False
13,2025-04-19 04:02,774,roblox,False,jason260121,es,ROBLOX,⚽Blue Lock ⚽ !user  (no acepto solis) !tiktok !yt !discord,"['Español', 'hablandoconelchat', 'jugandoconseguidores']",['ProfanityVulgarity'],False
13,2025-04-19 08:02,763,fortnite,True,BushCampDad,en,Fortnite,[DROPS ON] GRINDING DIAMOND RR! | USE CODE BUSHCAMPDAD #AD,"['camping', 'Bushcamper', 'treecamper', 'BadPlayerAlert', 'cantbuild', 'FamilyFriendly', 'English', 'wordsonstream', 'DropsEnabled']",[],False
13,2025-04-19 08:02,763,fortnite,False,Oatley,en,Fortnite,"(!DROPS ON) OCE FNCS GROUP STAGE | Code ""Oatley"" #ad | !socials !youtube !delay","['FamilyFriendly', 'Fortnite', 'BattleRoyale', 'Multiplayer', 'Competitive', 'Professional', 'Positivity', 'PC', 'English', 'DropsEnabled']",[],False
13,2025-04-19 08:02,763,fortnite,False,HokagoPT,en,Fortnite,[DROPS] 🏆HOKAGO'S FLU GAME 🤒| Play w/Followers | Use Code: HOKAGOPT | !join,"['vtuber', 'chatty', 'english', 'anxiety', 'positivity', 'battleroyale', 'English', 'DropsEnabled']",[],False
13,2025-04-19 12:02,1136,overwatch-2,False,Emongg,en,Overwatch 2,[!DROPS OWCS ENABLED] NEW OWCS DROPS,"['English', 'DropsEnabled']",[],False
13,2025-04-19 12:02,1136,overwatch-2,True,JOYSTICK,en,Overwatch 2,🔴 OWCS [!DROPS ON] 🔴 24/7 SUB-A-THON 🔴 TOP 500 6V6 RANKED 🔴 OWCS WATCH PARTY 🔴,"['PC', 'English', 'Drops', 'MouseAndKeyboard', 'Overwatch', 'DPS', 'Top500', '6v6', 'OWCS', 'DropsEnabled']",[],False
13,2025-04-19 12:02,1136,overwatch-2,False,dafranVODs,en,Overwatch 2,Dafran 24/7 VODs,['English'],[],False
13,2025-04-19 16:02,963,counter-strike,True,ScreaM,en,Counter-Strike,DAY 4 CS TRYING TO SHOOT HEADShOTS -  !socials  !finalmouse,"['English', '1tap', 'french', 'Belgium', 'moroccan', 'brotherman', 'valorant', 'cs', 'Français']",['MatureGame'],False
13,2025-04-19 16:02,963,counter-strike,False,150k_btw,en,Counter-Strike,🔥 #2 358 Wins in S2 | 30.9K Premier | 3000+ Elo Faceit 🔥 !discord !faceit,"['English', 'Deutsch', 'cs2premier', 'CS2', 'swiss', 'Shooter', 'lvl10', '3000elo', 'Switzerland']",['MatureGame'],False
13,2025-04-19 16:02,963,counter-strike,False,ESLCS,en,Counter-Strike,HIGHLIGHTS: GamerLegion vs TYLOO - ESL Pro League Season 21,['English'],['MatureGame'],False
13,2025-04-19 20:02,1147,league-of-legends,False,SloppyWalrusX,en,League of Legends,640LP - ALMOST GRANDMASTER IN KOREA😎👍,"['Gragas', 'BombaGuy', 'EUW', 'English']",[],False
13,2025-04-19 20:02,1147,league-of-legends,True,LTANorth,en,League of Legends,SR vs DSG - 2025 LTA North Split 2 - W3D1,"['Esports', 'English', 'leagueoflegends', 'LTA']",[],False
13,2025-04-20 00:01,609,counter-strike,True,Stewie2K,en,Counter-Strike,game | !socials !discord !tradeit,['English'],['MatureGame'],False
13,2025-04-20 00:01,609,counter-strike,False,coopertv,en,Counter-Strike,🔴PREMIER(almost 30K) + CASES🔴SOME FACEIT(3K+ SOON)🔴 !skinclub !tradeit baby !registry,['English'],['MatureGame'],False
13,2025-04-20 00:01,609,counter-strike,False,Hoodiestealerr,en,Counter-Strike,DAY 13 REVIVING NA CS2: !hoodie !followage !breathe !gg !christmas !prime !sus,"['girl', 'gamergirl', 'funny', 'ragebait', 'yourmom', 'christian', 'cs2', 'egirl', 'English']",['MatureGame'],False
13,2025-04-20 04:01,771,sea-of-thieves,False,procedural_,en,Sea of Thieves,Solo Sloop PVP + !Whisky Saturday,"['PVP', 'Pirate', 'SeaOfThieves', 'Chill', 'English', 'Piano', 'SeaOfThievesPartner']",[],False
13,2025-04-20 04:01,771,sea-of-thieves,True,crud,en,Sea of Thieves,easter crudstream,"['English', 'crudgoblin', 'crudfest', 'chatreader', 'seaofthieves', 'Completionist', 'OCE', 'Australia', 'SeaofThievesgameplay', 'Tall']",[],False
13,2025-04-20 04:01,771,sea-of-thieves,False,shwockatv,en,Sea of Thieves,evil glass,"['NerdKing', 'gamergirl', 'professionalplayer', 'nerd', 'seaofthieves', 'hourglasspvp', 'English']",[],False
13,2025-04-20 08:01,709,sea-of-thieves,False,Flux,en,Sea of Thieves,🟩 CHAOS BRIGANTINE 🟩 !discord @crynrus @slimeypigeon,"['seaofthieves', 'Pirate', 'English', 'drops', 'Adventure', 'PvP']",[],False
13,2025-04-20 08:02,709,sea-of-thieves,False,Beardageddon247,en,Sea of Thieves,Rerun - No Drops | 24/7 Beardageddon Watch Party | Sea of Thieves,"['English', 'Rerun', 'NoDrops', 'hangout', 'NotLive', 'catchup', 'lotsofads']",[],False
13,2025-04-20 08:02,709,sea-of-thieves,True,ekim941,en,Sea of Thieves,Coffee and Combat,"['English', 'PvP', 'PvE', 'Adventure', 'Action', 'Coffee']",[],False
14,2025-04-20 08:16,961,ea-sports-fc-25,False,AnthonyDayTV,en,EA Sports FC 25,💥 EPISODE 35 OF THE RTG!! 💥 BUDGIE FC DOES FUT CHAMPS!! 💥 🚨 PSN: xxanth95xx 🚨 | !YT !Sub !Prime !TikTok !Merch,"['uk', 'English', 'playingwithviewers', 'EASportsFC', 'FC25', 'FUTChampions', 'TeamOfTheSeason', 'TOTS', 'UltimateTeam']",[],False
14,2025-04-20 08:16,961,ea-sports-fc-25,False,Stokes,en,EA Sports FC 25,[DROPS ON] TOTS WARM UP WEEKEND LEAGUE!!!!! || !4411 !4222,"['English', 'DropsEnabled']",[],False
14,2025-04-20 08:16,961,ea-sports-fc-25,True,Bonfire5th,en,EA Sports FC 25,Pro Clubs with Followers !club - Finishing Playoffs (Elite Division),"['clubs', 'ps5', 'english', 'friendlies', 'proclubs', 'English', 'PlayingwWithViewers', 'interractive']",[],False
15,2025-04-20 08:34,1044,valorant,True,VALORANT_Pacific,en,VALORANT,NS vs. ZETA - VCT Pacific - Stage 1 - Group Stage - Day 14,"['VCTPacific', 'VCT', 'VALORANT', 'English', 'VCTP', 'RisePacific']",[],False
15,2025-04-20 08:34,1044,valorant,False,Hamy,en,VALORANT,Glasses Broke !glasses,['English'],['ProfanityVulgarity'],False
15,2025-04-20 08:34,1044,valorant,False,Bijusan,ja,VALORANT,ouensuru VCT Pacific 2025 : STAGE 1 - DAY 14,['日本語'],[],False
15,2025-04-20 12:01,1163,valorant,False,Hamy,en,VALORANT,24h?,['English'],['ProfanityVulgarity'],False
15,2025-04-20 12:01,1163,valorant,True,PROD,en,VALORANT,FNC PROD - Salvation lies ahead in today's battle,"['English', 'PROD']",[],False
15,2025-04-20 12:01,1163,valorant,False,Horcus,es,VALORANT,🏆RADIANT SI GANAMOS🏆 !aim,"['Español', 'España', 'Valorant', 'Radiant', 'Spanish', 'English', 'Competitive', 'Drops', 'Competitivo', 'asmr']",[],False
15,2025-04-20 16:02,790,counter-strike,True,Stewie2K,en,Counter-Strike,Happy Easter + 4/20  | !socials !discord !tradeit,['English'],['MatureGame'],False
15,2025-04-20 16:02,790,counter-strike,False,Urosin_,en,Counter-Strike,🔴30K PREMIER GAMEPLAY 🔴!discord🔴,"['English', 'Dima', '140IQ', 'forsen']",['MatureGame'],False
15,2025-04-20 16:02,790,counter-strike,False,ScreaM,en,Counter-Strike,DAY 5 CS TRYING TO SHOOT HEADShOTS -  !socials  !finalmouse,"['English', '1tap', 'french', 'Belgium', 'moroccan', 'brotherman', 'valorant', 'cs', 'Français']",['MatureGame'],False
15,2025-04-20 20:01,828,the-sims-4,False,Risshella,en,The Sims 4,kits + beach mansion build 🏝️🍹 | !youtube !merch,"['ClosedCaptions', 'Bisexual', 'Neurodivergent', 'GoblinQueen', 'Purple', 'LGBTQIAPlus', 'English', 'FamilyFriendly', 'AuDHD', 'simulationgames']",[],False
15,2025-04-20 20:01,828,the-sims-4,True,s0ph,en,The Sims 4,🍓 not so berry day 4 🍓 ~ !nsb ~ !ea,['English'],[],False
15,2025-04-20 20:01,828,the-sims-4,False,LargeTayterTots,en,The Sims 4,Build With Me - Oasis Springs Resort | The Sims 4 - !giveaway !prime,"['English', 'BlackStreamer', 'Cozy', 'aesthetic', 'girlgamers', 'blacksimmer', 'sims4mods', 'sims4cc']",[],False
15,2025-04-21 00:02,1184,marvel-rivals,False,Andr3wOW,en,Marvel Rivals,"RANK 1 VENOM GLOBAL ""WHYANDR3W"" ☆ MAKING STREAMERS RAGE !VIDEO ☆ VORTEX X ANDR3W COLLAB !vortex !pc","['English', 'Venom', 'Magneto', 'Competitive', 'Vanguard', 'Educational', 'Top500', 'EmmaFrost']",[],False
15,2025-04-21 00:03,1184,marvel-rivals,True,Gale,en,Marvel Rivals,[DROPS✔️] DUELIST GOD - PATH TO ETERNITY (HAPPY EASTER),"['English', 'DropsEnabled', 'marvelrivals']",[],False
15,2025-04-21 00:03,1184,marvel-rivals,False,GURU,en,Marvel Rivals,⚠️ !DROPS ⚠️ LORD EMMA RANK 1 PUSH AGAIN. EASY DROPS HERE,"['Educational', 'English', 'tank', 'Coaching', 'DropsEnabled', 'marvelrivals']",[],False
15,2025-04-21 04:03,1035,the-sims-4,False,rociodta,es,The Sims 4,DOMINGO DE REVIVICION LITERAL || !video || redes: @rociodta ✨,"['Español', 'México', 'LATAM', 'chill']",[],False
15,2025-04-21 04:03,1035,the-sims-4,False,LucyL,en,The Sims 4,FALLOUT INSPIRED SIMS! ~ SIMS LEGACY CHALLENGE GEN 6 ~ CODE LUCY! #ad | !socials !wishlist 🌈 [AUS] 🍉 !STRIKE,"['English', 'NeatDude', 'LGBTQIAPlus', 'ADHD', 'legacychallenge']",[],False
15,2025-04-21 04:03,1035,the-sims-4,True,lilievemakeup,en,The Sims 4,SIMS SUNDAY - BIRTHDAY STREAM (12amPST) - Black Widow Challenge Ep 3  *certified cozy*420* 18+,"['english', 'chatting', 'casualgamer', 'cozy', 'adhd', 'queer', '420friendly', 'sims4', 'sims4gameplay', 'blackwidowchallenge']",[],False
16,2025-04-21 04:22,1135,counter-strike,False,omareloff,en,Counter-Strike,🔵 GOOD WIBES! 🔵 !Mohsin 🔵 !Displate 🔵 !insta 🔵 LiquidRP 🔵 Jose Exotic 🔵 GTA 5 RP 🔵 CS2 🔵 GYM: 5,['English'],['MatureGame'],False
16,2025-04-21 04:22,1135,counter-strike,False,Stewie2K,en,Counter-Strike,"HOUSTON, WE HAVE A PROBLEM...CURRY DOIN IT AGAIN  | !socials !discord !tradeit",['English'],['MatureGame'],False
16,2025-04-21 04:23,1135,counter-strike,True,GeT_RiGhT,en,Counter-Strike,🔥 Monday Feels 🔥 We Grind 🔥 We Bestest..? 🔥 !INUI !YOUTUBE ( N E W ) !TRADEIT,"['CS2', 'cs', 'swedish', 'English', 'OG', 'legend', 'VarietyGamer', 'watchparty', 'HoF', 'Danish']",['MatureGame'],False
17,2025-04-21 04:44,664,valorant,True,VALORANT_Pacific,en,VALORANT,DFM vs. BME - VCT Pacific - Stage 1 - Group Stage - Day 15,"['VCTPacific', 'VCT', 'VALORANT', 'English', 'VCTP', 'RisePacific']",[],False
17,2025-04-21 04:44,664,valorant,False,jingggxd,en,VALORANT,GOOODMORNINGGG =D !newvid !tiktok !match !nightmarket,['English'],[],False
17,2025-04-21 04:44,664,valorant,False,jawgemo,en,VALORANT,"G2 JAWGEMO | aye man, how do i stop panic spraying, im currently bronze",['English'],[],False
17,2025-04-21 08:01,965,sea-of-thieves,False,Flux,en,Sea of Thieves,🟩 GIVEAWAY 🟩 PRO PVP DUO 🟩 !discord,"['seaofthieves', 'Pirate', 'English', 'drops', 'Adventure', 'PvP']",[],False
17,2025-04-21 08:01,965,sea-of-thieves,True,OogidyBoogidy62,en,Sea of Thieves,⏳HOURGLASS⏳,"['English', 'Hottub', 'gamergirl', 'australian', 'seaofthieves', 'OCE', 'PVP', 'hourglass', 'dailystreamer', 'LurkerFriendly']",[],False
17,2025-04-21 08:01,965,sea-of-thieves,False,ekim941,en,Sea of Thieves,Coffee and Fort Fights,"['English', 'PvP', 'PvE', 'Adventure', 'Action', 'Coffee']",[],False
17,2025-04-21 12:01,881,the-sims-4,True,JakeDavid,en,The Sims 4,🐰EASTER BUNNY Prt 2! 5 Subs = Open Egg! 1k Baby 416/1000!🐰!throne !tiktok !1000baby,"['Gay', 'LGBTQIAPlus', 'SafeSpace', 'British', 'Chaotic', 'HighEnergy', 'Chatty', 'English', 'simulation', 'Mature']",[],False
17,2025-04-21 12:01,881,the-sims-4,False,snaccdaddysims,en,The Sims 4,the ultimate ranch home (for chicken tenders)|| !daddy !merch !kofi !javy,"['English', 'cozygaming', 'CozyChaos', 'ADHD', 'USA', 'Woman', 'Daddy', 'donteatempressesranch']",[],False
17,2025-04-21 12:01,881,the-sims-4,False,SquishyKarl,en,The Sims 4,Happy Easter Weekend Let's Build !hype !shell !throne !wishing !troll !angel !boobees !justice,"['LgbtqGamer', 'LGBTAQIAplus', 'Friendly', 'English', 'dyslexic', 'Chatty', '18MatureContent']",['ProfanityVulgarity'],False
17,2025-04-21 16:01,666,fortnite,True,MrSavage,en,Fortnite,RELOAD CUP W/ VADEAL GETTING READY FOR PRO-AM / QUALLED FNCS | !HALLUCINA !CROSSHAIR !PING | CODE 200IQ #EpicPartner,"['English', 'vogue', 'model']",[],False
17,2025-04-21 16:01,666,fortnite,False,HaloBT,en,Fortnite,🚨DROPS!🚨RELOAD UNREAL GRIND LOCK IN!!🔥!yt !maps !prime !discord,['English'],[],False
17,2025-04-21 16:02,666,fortnite,False,Peterbot247Official,en,Fortnite,(DROPS ON) 🔴  TOURNAMENT WATCH PARTY !settings !binds 🔴,['English'],[],False
17,2025-04-21 20:01,824,ea-sports-fc-25,True,Friedus_85,en,EA Sports FC 25,HAPPY EASTER Y'ALL!!!!! EA FC25 Champs Run With The Boys..... (Good Vibes!) (Solving World Problems) (Rush Record 22-0 And Going),"['easportsfc24', 'EA', 'eafc24', 'Nederlands', 'English', 'deejaying', 'goodevibes', 'oldsschool', 'TOTY']",[],False
17,2025-04-21 20:01,824,ea-sports-fc-25,False,Valhalla_Cup_3_,en,EA Sports FC 25,Valhalla cup 3 - 22/04/2025 - Night Session,['English'],[],False
17,2025-04-21 20:01,824,ea-sports-fc-25,False,GCollinsss,en,EA Sports FC 25,FINISHING MY FUT CHAMPS !,['English'],[],False
17,2025-04-22 00:01,1118,marvel-rivals,False,Gale,en,Marvel Rivals,[DROPS✔️] DUELIST GOD - PATH TO ETERNITY (HAPPY EASTER),"['English', 'DropsEnabled', 'marvelrivals']",[],False
17,2025-04-22 00:01,1118,marvel-rivals,True,Yuzjo,en,Marvel Rivals,[DROPS] DONT STOP TILL THE TOP INSANE GIGACHAD MODE WE ESCAPE DIAMOND TONIGHT| 30 SQUATS per follower | WORLD BEST MAGNETO,"['English', 'Depression', 'ADHD', 'wasian', 'Japanese', 'rivals', 'marvelrivals', 'marvelrivalsgameplay', 'Anime', 'DropsEnabled']",[],False
17,2025-04-22 00:02,1118,marvel-rivals,False,NoDamageRocket,en,Marvel Rivals,"NoDmgRocket practicing other strategists! [!banned, !elo, !discord, !7tv, !graphics]","['English', 'marvelrivals', 'nomic', 'nodmgrocket', 'NoDamageRocket', 'RocketRaccoon', 'DropsEnabled']",[],False
17,2025-04-22 04:04,912,the-sims-4,False,Tinycoffeecups,en,The Sims 4,😵The Burnout Chronicles | Dark Fantasy-Film Wiff Me🎥😵,"['LGBTQIAplus', 'bisexual', 'BLACK', 'chatty', 'english', 'vibe', 'AfricanAmerican', 'CasualPlayThrough', 'TheyThem', 'RP']",['ProfanityVulgarity'],False
17,2025-04-22 04:05,912,the-sims-4,False,LucyL,en,The Sims 4,FALLOUT VAULT IN SIMS! ~ SIMS LEGACY CHALLENGE GEN 6 ~ CODE LUCY! #ad | !socials !wishlist 🌈 [AUS] 🍉 !STRIKE,"['English', 'NeatDude', 'LGBTQIAPlus', 'ADHD', 'legacychallenge']",[],False
17,2025-04-22 04:05,912,the-sims-4,True,Jeremy_GoneWild,en,The Sims 4,Rebirth Legacy Gen 7,"['lgbtqia', 'gay', 'neurodivergent', 'autism', 'lgbt', 'English']",[],False
18,2025-04-22 04:25,767,overwatch-2,False,PLAYTO_ow,en,Overwatch 2,[DROPS]  🟨 TOP500 BASTION 🟨 6v6 W/ Rosin,"['furry', 'English', 'Pastafarian', 'Burger', 'eboy', 'Forehead', 'DropsEnabled']",[],False
18,2025-04-22 04:25,767,overwatch-2,False,vulture_ow,en,Overwatch 2,"[DROPS] last day grinding for gm again.,.. !discord !newvid","['English', 'Competitive', 'fps', 'junkrat', 'SewerRat', 'overwatch', 'hashtagawesome', 'DropsEnabled']",[],False
18,2025-04-22 04:25,767,overwatch-2,True,chosen_ow,en,Overwatch 2,[KIRIKO DROPS ✅] #1 ILLARI 🔴 CHAMP SUPPORT 🔴 LAST DAY 6V6 QUEUES 🔴 SUBATHON TOMORROW!!!!!!!,"['English', 'top500', 'Illari', 'overwatch', 'Competitive', 'femboy', 'DropsEnabled']",[],False
19,2025-04-22 04:40,1186,marvel-rivals,False,sinatraa,en,Marvel Rivals,[DROPS] RANKED,"['English', 'DropsEnabled']",[],False
19,2025-04-22 04:40,1186,marvel-rivals,False,GURU,en,Marvel Rivals,⚠️ !DROPS ⚠️ LORD EMMA | LONG STREAM. LURK FOR EASY DROPS HERE,"['Educational', 'English', 'tank', 'Coaching', 'DropsEnabled', 'marvelrivals']",[],False
19,2025-04-22 04:40,1186,marvel-rivals,True,Gale,en,Marvel Rivals,[DROPS✔️] DUELIST GOD - PATH TO ETERNITY,"['English', 'DropsEnabled', 'marvelrivals']",[],False
20,2025-04-22 05:02,1070,sea-of-thieves,False,MakaioSr,en,Sea of Thieves,IM RICH AF <OnlyRams> @shwockatv,"['English', 'seaofthieves', 'PvP']",[],False
20,2025-04-22 05:02,1070,sea-of-thieves,True,procedural_,en,Sea of Thieves,Solo Sloop PVP but with Forts,"['PVP', 'Pirate', 'SeaOfThieves', 'Chill', 'English', 'Piano', 'SeaOfThievesPartner']",[],False
20,2025-04-22 05:02,1070,sea-of-thieves,False,crud,en,Sea of Thieves,crudstream,"['English', 'crudgoblin', 'crudfest', 'chatreader', 'seaofthieves', 'Completionist', 'OCE', 'Australia', 'SeaofThievesgameplay', 'Tall']",[],False
20,2025-04-22 08:02,874,ea-sports-fc-25,False,El_Dunko,en,EA Sports FC 25,TERRIFIC TUESDAY! FINAL RIVALS GRIND! GOOD VIBES WITH GOOD PEOPLE! 💥INSTAGRAM ELDUNKO96💥 🚨 X ELDUNKO96🚨 🔥TIKTOK EL_DUNKO🔥 !PELE,"['English', 'EAFC', 'goodvibes', 'TwitchPartner', 'fc25', 'EASPORTSFC']",['ProfanityVulgarity'],False
20,2025-04-22 08:02,874,ea-sports-fc-25,False,heinzbaines_,en,EA Sports FC 25,ICON PICKS🔥VARIETY GAMES🔥GNT TONIGHT 6AM🔥GRAFTING HARD🔥LOVE IGGM,"['uk', 'Scottish', 'world', 'USA', 'Scum', 'action', 'FPS', 'English']",[],False
20,2025-04-22 08:02,874,ea-sports-fc-25,True,diaamansor77,en,EA Sports FC 25,رايفلز توب 200,['English'],[],False
20,2025-04-22 12:01,1008,roblox,False,Arguz11,en,ROBLOX,FREE ROBUX ON PLS DONATE! Commands on screen!,"['giveaway', 'playingwithviewers', 'roblox', 'plsdonate', 'bloxfruit', 'English', 'Rerun', 'Albion', 'mammoth', 'Silver']",[],False
20,2025-04-22 12:01,1008,roblox,True,botjayttv,en,ROBLOX,✬ PS99 | BGSI ✬ Please Titanic ... ✪ Offical Partner ✪,"['English', 'Deutsch', 'botjaytv', 'RudeStreamer', 'petsimulator99', 'honestman']",[],False
20,2025-04-22 12:01,1008,roblox,False,CrunchieGoose,en,ROBLOX,"Acting like I know what I’m doing,  |  [Audio Warning]","['English', 'tryingmybest', 'OCE', 'AUS', '18plus', 'casualplay', 'Australian', 'ADHD', 'sillygoose']",[],False
20,2025-04-22 16:01,1156,sea-of-thieves,False,BoxyFresh,en,Sea of Thieves,🏴‍☠️HOWDY🏴‍☠️  TTS 500  !latest !merch !art,"['English', 'LordofFrenziedFlame', 'OnlyUpChampion', 'SubnauticaFirefighter', 'ProLegoBuilder', 'PuzzleMaster', 'AmateurAstronomer', 'GetToWorkCEO']",[],False
20,2025-04-22 16:01,1156,sea-of-thieves,False,lovabledogman,en,Sea of Thieves,"gym incident, traumatized so solos to cure. (MEGA PRO)","['English', 'comp', 'PvP', 'chill', 'hourglass', 'hg']",[],False
20,2025-04-22 16:01,1156,sea-of-thieves,True,PushinWood,en,Sea of Thieves,🟣PARTNER PUSH! - SUBATHON🟣DOIN BOAT STUFF! !Controller !TTS !Merch !Discord,"['AMA', 'Skateboarder', 'Multiplayer', 'COMPETITIVE', 'English', 'SoTPartner', 'holidayhoopla']",[],False
21,2025-04-22 16:23,702,minecraft,True,thefreddymc,en,Minecraft,👽 SUB 27:00 YAPRUNS 👽 PB: 27:57 Posted on  !YouTube 👽 $250 Fan Art Contest !fanart 👽 !Discord 👽 !pb,['English'],[],False
21,2025-04-22 16:23,702,minecraft,False,ohnePixel,en,Minecraft,🔴PLAYING $200 MINECRAFT STORY MODE🔴,['English'],[],False
21,2025-04-22 16:23,702,minecraft,False,WaxFraud,en,Minecraft,🔴 HARDCORE 1.21.5 DAY 4850 COLLECTING NEW MOB VVARIANTS ALSO HOWDY DOO !youtube !discord,"['waxfraud', 'English']",[],False
21,2025-04-22 20:01,1193,league-of-legends,False,Dantes,en,League of Legends,BEST HEC WORLD - DEMON GRIND CONTINUES,['English'],[],False
21,2025-04-22 20:01,1193,league-of-legends,True,SloppyWalrusX,en,League of Legends,My Redemption Arc... I lost 250LP Yesterday😥,"['Gragas', 'BombaGuy', 'EUW', 'English']",[],False
21,2025-04-22 20:01,1193,league-of-legends,False,Nightblue3,en,League of Legends,1015 LP CHALLENGER JUNGLE GRIND,['English'],[],False
21,2025-04-23 00:03,1123,the-sims-4,False,CocoEllean,en,The Sims 4,Grunge₊₊˚ෆ ₊˚ෆMaking Rich Nepo Sims₊₊˚ෆ ₊˚Decorating  !discord !sub,"['letsplay', 'cocogames', 'simulation', 'meshing', 'sims4', 'English', 'books', 'BlackWoman', 'blackstremer', 'CoStream']",[],False
21,2025-04-23 00:03,1123,the-sims-4,False,EmrysKay,en,The Sims 4,REBUILDING NEWCREST (lore yapping and legacy prep) | !legacy !yt !eacreator,"['Transgender', 'Nonbinary', 'LGBTQIA2Plus', 'LilGuy', 'SamWinchesterHateAccount', 'WellEndowed', 'English', 'JeanMoreauProtectionSquad', 'ReMarriedToMomoMisfortune', 'wciffriendly']",[],False
21,2025-04-23 00:03,1123,the-sims-4,True,Xaazon_Gaymes,en,The Sims 4,We building tonight! | Bestie house build !mewd !origamigift !discord !commands,"['gaymer', 'LGBTＱ', 'thesims4', 'sims4', 'VarietyGaymer', 'VarietyGamer', 'Fortnite', 'LGBTQIA', 'LosAngelesCA', 'gaymer']",['ProfanityVulgarity'],False
21,2025-04-23 04:02,792,marvel-rivals,False,Gale,en,Marvel Rivals,[DROPS✔️] DUELIST GOD - PATH TO ETERNITY,"['English', 'DropsEnabled', 'marvelrivals']",[],False
21,2025-04-23 04:02,792,marvel-rivals,False,Nautilifts,en,Marvel Rivals,"☢️RANK #1 BRUCE BANNER☢️ || RIVALS, THEN OBLIVION REMASTER? // long stream ➔ !tiktok !discord","['English', 'chill', 'aura', 'Marvel', 'marvelrivals', 'BruceBanner', 'DropsEnabled']",[],False
21,2025-04-23 04:02,792,marvel-rivals,True,GURU,en,Marvel Rivals,⚠️ !DROPS ⚠️ LORD EMMA |SCRIMS --> OW ---> MR| LONG STREAM. LURK FOR EASY DROPS HERE,"['Educational', 'English', 'tank', 'Coaching', 'DropsEnabled', 'marvelrivals']",[],False
22,2025-04-23 04:19,686,grand-theft-auto-v,True,vadriss,en,Grand Theft Auto V,Day 22 of UNCAPPED Birthday SUBATHON | Partner Anniversary | !PNS !merch !subathon !goals #Ad #Sponsorship,"['English', 'Gay', 'femboy', 'LGBTQ', 'twitchprideguild']",['MatureGame'],False
22,2025-04-23 04:19,686,grand-theft-auto-v,False,thedanirep,es,Grand Theft Auto V,MARATÓN DE DANIREP - DÍA 634,"['Español', 'Repetir']",['MatureGame'],False
22,2025-04-23 04:19,686,grand-theft-auto-v,False,indiyababy,en,Grand Theft Auto V,GOOD MORNING!!! ♡ | !sub !prime !socials !of,"['English', 'girl', 'girlgamers', 'District10', 'D10', 'district10rp', 'Female', 'gta', 'fortinte', 'indiyababy']",['MatureGame'],False
22,2025-04-23 08:03,1159,valorant,True,lenyming,en,VALORANT,happy 100 subs! <3,"['English', 'fps', 'Chıll']",[],False
22,2025-04-23 08:03,1159,valorant,False,Andruwu,en,VALORANT,🔥RADIANT RANKED GRIND WITH PHOENIX ONLY🔥!opera,"['FPS', 'English', 'Positivity', 'PhoenixEnjoyer', 'buystuff', 'kaching', 'progamer']",[],False
22,2025-04-23 08:03,1159,valorant,False,TenZ,en,VALORANT,training to properly run it down in ranked,"['English', 'Anime', 'FPS', 'tenz']",[],False
22,2025-04-23 12:02,1044,valorant,True,TenZ,en,VALORANT,back to APAC ranked we go,"['English', 'Anime', 'FPS', 'tenz']",[],False
22,2025-04-23 12:02,1044,valorant,False,VALORANT_EMEA,en,VALORANT,BBL vs. FUT - VCT EMEA 2025 Stage 1 - W5D1 - Map 1,"['Esports', 'English', 'VALORANT', 'VCT', 'VALORANTEurope', 'VCTEMEA']",[],False
22,2025-04-23 12:02,1044,valorant,False,wtcN,tr,VALORANT,BBL vs FUT | EMEA ligi son maçımız | VCT EMEA #VCTWatchparty,['Türkçe'],[],True
22,2025-04-23 16:01,1104,sea-of-thieves,True,PushinWood,en,Sea of Thieves,🟣PARTNER PUSH! - SUBATHON🟣DOIN BOAT STUFF! !Controller !TTS !Merch !Discord,"['AMA', 'Skateboarder', 'Multiplayer', 'COMPETITIVE', 'English', 'SoTPartner', 'holidayhoopla']",[],False
22,2025-04-23 16:01,1104,sea-of-thieves,False,HitboTC,en,Sea of Thieves,slim jeans hat wearing bald man stealing treasure,"['SeaofThievesPartner', 'English', 'Dad', 'PvP', 'Memes', 'NewPlayersWelcome', 'Gaslighting', 'FamilyFriendly']",[],True
22,2025-04-23 16:01,1104,sea-of-thieves,False,MizterLucas,en,Sea of Thieves,Sloop Life | Pineapple Parkour on Ashen Stashes | !discord !ginaarena,"['English', 'PineappleParkour', 'PvP', 'SoTPartner', 'seaofthieves', 'Adventure', 'Cooking']",[],False
22,2025-04-23 20:02,1104,minecraft,True,thefreddymc,en,Minecraft,👽 SUB 27:00 YAPRUNS 👽 PB: 27:47 Posted on  !YouTube 👽 $250 Fan Art Contest !fanart 👽 !Discord 👽 !pb,['English'],[],False
22,2025-04-23 20:02,1104,minecraft,False,benjermane_,en,Minecraft,🔴MODDED MINECRAFT SERVER🔴 !discord,"['multiplayer', 'chill', 'English', 'Johnpork', 'hotgirl']",[],False
22,2025-04-23 20:02,1104,minecraft,False,JaayMC,en,Minecraft,🌎 Minecraft Survival (Building a Castle!) | 🌠 Partner Grind Streamathon (Day 23) 🌈 how are you?! | !join !partner,"['Survival', 'LGBTQ', 'SafeSpace', 'Cape', 'Drops', 'PlayingWithViewers', 'Chill', 'SMP', 'subathon', 'Minecraft']",[],False
22,2025-04-24 00:05,774,the-sims-4,False,immarstheg,en,The Sims 4,Mars Madness Shell ✦ Final Touches 🌻✨ !shell,"['BLACK', 'AfricanAmerican', 'English', 'BlackWoman', 'SheHer', '18plus']",['ProfanityVulgarity'],False
22,2025-04-24 00:05,774,the-sims-4,True,EmrysKay,en,The Sims 4,SAVE FILE YAPPING AND SIMMING | !legacy !yt !eacreator,"['Transgender', 'Nonbinary', 'LGBTQIA2Plus', 'LilGuy', 'SamWinchesterHateAccount', 'WellEndowed', 'English', 'JeanMoreauProtectionSquad', 'ReMarriedToMomoMisfortune', 'wciffriendly']",[],False
22,2025-04-24 00:05,774,the-sims-4,False,curvy_nazzy,en,The Sims 4,Signs of the Zodiac🧬Legacy : Family Photo Day 📸 | Chill Vibes + Generational Recap!,"['femalegamer', 'blackexellence', 'blacksimmer', 'English', 'Mature', '18OVER', 'Storytelling', 'thesims4']",[],False
22,2025-04-24 04:02,1177,roblox,False,SirDanDeMan,en,ROBLOX,[24/7] Bubble Gum Simulator Infinity 🫧 | Family Friendly 👨‍👩‍👧‍👦 | Free Rewards 🎁 & Chill Stream ✨,"['Roblox', 'BubbleGumSimulator', 'BGSI', 'FamilyFriendly', 'ChillStream', '247Stream', 'CommunityStream', 'Adventure', 'English']",[],False
22,2025-04-24 04:02,1177,roblox,False,Arguz11,en,ROBLOX,FREE ROBUX ON PLS DONATE! Commands on screen!,"['giveaway', 'playingwithviewers', 'roblox', 'plsdonate', 'bloxfruit', 'English', 'Rerun', 'Albion', 'mammoth', 'Silver']",[],False
22,2025-04-24 04:02,1177,roblox,True,KiwiCaster,en,ROBLOX,Dead Rails - Please Join the Discord! !discord,"['Playing', 'With', 'Viewers', 'Giveaway', 'Fisch', 'English']",[],False
23,2025-04-24 04:24,703,counter-strike,False,omareloff,en,Counter-Strike,🔵 SHINIEST FOREHEAD ON TWITCH 🔵 !Mohsin 🔵 !Displate 🔵 !insta 🔵 LiquidRP 🔵 Jose Exotic 🔵 GTA 5 RP 🔵 CS2 🔵,['English'],['MatureGame'],False
23,2025-04-24 04:24,703,counter-strike,False,GeT_RiGhT,en,Counter-Strike,💪 Soon Friday People 💪 Two Stream Today! 🤩 !INUI !YOUTUBE ( N E W ) !TRADEIT,"['CS2', 'cs', 'swedish', 'English', 'OG', 'legend', 'VarietyGamer', 'watchparty', 'HoF', 'SprayAndPray']",['MatureGame'],False
23,2025-04-24 04:24,703,counter-strike,True,ESLCS,en,Counter-Strike,HIGHLIGHTS: Complexity vs GamerLegion - IEM Melbourne 2025,['English'],['MatureGame'],False
24,2025-04-24 04:39,677,valorant,True,TenZ,en,VALORANT,10 MANS !!!!,"['English', 'Anime', 'FPS', 'tenz']",[],False
24,2025-04-24 04:39,677,valorant,False,Grimm,en,VALORANT,🔴LATE NIGHT VALORANT RANKED🔴BEST TO EVER DO IT🔴I AM THE GREATEST SAGE TO TOUCH THIS GAME🔴ALSO THE ONLY SAGE🔴LETS BE GREAT🔴,['English'],[],False
24,2025-04-24 04:39,677,valorant,False,Kaemii,en,VALORANT,MARSHAL DEMON PLAYS PRO 10 MANS...,['English'],[],False
24,2025-04-24 08:03,611,counter-strike,True,dima_wallhacks,en,Counter-Strike,🔴 CATCHING CHEATERS IN CS2 🔴 !map !pc !skinsmonkey,"['140IQ', 'English', 'ASMR', 'forsen']",['MatureGame'],False
24,2025-04-24 08:03,611,counter-strike,False,ErycTriceps,en,Counter-Strike,"31,000 rating gameplay // !free !leaderboard","['English', 'CS2', 'Premier', 'ViewerRewards', 'ChannelPoints']",['MatureGame'],False
24,2025-04-24 08:03,611,counter-strike,False,GeT_RiGhT,en,Counter-Strike,💪 Soon Friday People 💪 Two Stream Today! 🤩 !INUI !YOUTUBE ( N E W ) !TRADEIT,"['CS2', 'cs', 'swedish', 'English', 'OG', 'legend', 'VarietyGamer', 'watchparty', 'HoF', 'SprayAndPray']",['MatureGame'],False
24,2025-04-24 12:02,1092,minecraft,True,dima_wallhacks,en,Minecraft,🔴 FINISHING MINECRAFT CHAOS MOD 🔴 !map !pc !skinsmonkey,"['140IQ', 'English', 'ASMR', 'forsen']",[],False
24,2025-04-24 12:02,1092,minecraft,False,thefreddymc,en,Minecraft,👽 NEW PB 22:21 👽 PB: 22:21 Posted on TONIGHT  !YouTube 👽 $250 Fan Art Contest !fanart 👽 !Discord 👽 !pb,['English'],[],False
24,2025-04-24 12:02,1092,minecraft,False,Zelenta,en,Minecraft,First Time Playing MINECRAFT🍄 PLEASE no help / spoilers,"['English', 'ADHD', 'Vtuber', 'Girl', 'Swedish', 'Speedrun', 'Chill', 'FirstPlaythrough', 'DropsEnabled']",[],False
