ID,Data,channel_name,language,last_game_name,stream_title,stream_tags,classification_labels,is_branded_content
0,2025-04-10 00:03,Clix,en,Fortnite,"🚨 Pro Tokens w/ Peterbot, Eomzo, Khanada, Reet & More 🚨 WERE BACK BABY LETS GOO",['English'],[],False
0,2025-04-10 00:03,FroggerOW,en,Overwatch 2,💀 CRAZY STREAM TODAY💀 #WhatTheHell,"['Australian', 'English']",[],False
0,2025-04-10 00:03,caseoh_,en,Half Sword,🟨PREPARED FOR BATTLE🟨,['English'],[],False
0,2025-04-10 00:03,Sigy,en,Sea of Thieves,🔴SICK WOO🔴30/100 days in a row🔴NEW SPONSOR! !OperaGX,['English'],[],True
0,2025-04-10 00:03,TypicalGamer,en,Fortnite,"👑 FNCS PLAY-IN, DAY 1! 👑 /w @richhomiequinn @Leomariwnl 👑 @bloodx Coaching","['English', 'PC', 'Multiplayer', 'PvP', 'Fortnite']",[],False
0,2025-04-10 00:03,tarik,en,VALORANT,WHAT UP G - Twitter @tarik,['English'],[],False
0,2025-04-10 00:03,GAdamou10_,en,EA Sports FC 25,#1 NA PRO COOKING IN THE ELITE DIVISION!!! (ENG/GRE),['English'],[],False
0,2025-04-10 00:03,yrChuki,en,EA Sports FC 25,DAY 9 OF NO CRASH OUT! 3608/3700 FOLLOWER GOAL!,"['FIFA', 'Football', 'English']",[],False
0,2025-04-10 00:03,MIKEYCARTEL,en,EA Sports FC 25,WASHED ELITE RIVALS GAMEPLAY!,"['messi', 'English', 'Espàñol', 'proclubs', 'Fortnite', 'ESP', 'ENG', 'MEX', 'EAFC']",[],False
1,2025-04-10 00:14,Clix,en,Fortnite,"🚨 Pro Tokens w/ Peterbot, Eomzo, Khanada, Reet & More 🚨 WERE BACK BABY LETS GOO",['English'],[],False
1,2025-04-10 00:14,NickEh30_VODs,en,Fortnite,Official 24/7 NickEh30 Channel,"['Canadian', 'Positivity', 'BattleRoyale', 'PC', 'FamilyFriendly', 'Multiplayer', 'PVP', 'PlayingWithViewers', 'Drops', 'English']",[],False
1,2025-04-10 00:15,jidionpremium,en,Just Chatting,PRED-A-THON🧁|| Irl Pred Catch || Arkansa [DAY 2.5/8],"['English', 'funny', 'IRL']",[],False
1,2025-04-10 00:15,PewDiePie,en,Minecraft,Minecraft Reruns ∞ Binge @PewDiePie vids 24/7 with chat ∞ !video,"['Minecraft', 'YouTube', 'AlwaysOn', 'English', 'Rerun']",[],True
1,2025-04-10 00:15,FroggerOW,en,Overwatch 2,💀 CRAZY STREAM TODAY💀 #WhatTheHell,"['Australian', 'English']",[],False
1,2025-04-10 00:15,TypicalGamer,en,Fortnite,"👑 FNCS PLAY-IN, DAY 1! 👑 /w @richhomiequinn @Leomariwnl 👑 @bloodx Coaching","['English', 'PC', 'Multiplayer', 'PvP', 'Fortnite']",[],False
1,2025-04-10 00:15,Viper,en,League of Legends,Mid lane challenge day 10 Masters 361lp start,['English'],[],False
1,2025-04-10 00:15,Lourlo,en,League of Legends,🔴 OFFMETA TO CHALLENGER 🔴 MAKING WAVES 🔴 DONT MISS IT 🔴 BIG PACE 🔴 fredPls 🔴 2K subs tonight 🔴 !newvid !ig !tts !tiktok !youtube,"['pro', 'ranked', 'Challenger', 'English', 'Anime', 'rumble', 'poppy', 'teamliquid', 'xdd', 'Arena']",[],False
1,2025-04-10 00:15,Pobelter,en,League of Legends,MVP (AGAIN) of NACL match (100% MVP rate) playing challenger solo q (top 0.0043% player)(W streamer eugene) (powered by !opgg) !aw,"['English', 'Chill', 'Anime', 'RotisserieChickens', 'lebronjames', 'xddfreezone']",[],False
2,2025-04-10 04:02,Oatley,en,Fortnite,"OCE FNCS PLAY-IN | Code ""Oatley"" #ad | !socials !youtube !delay","['FamilyFriendly', 'Fortnite', 'BattleRoyale', 'Multiplayer', 'Competitive', 'Professional', 'Positivity', 'PC', 'English']",[],False
2,2025-04-10 04:02,August,en,Overwatch 2,🔴TOP 500 SUPPORTING🔴So called Minecraft movie fans when faced with a 18hr shift in a coal mine. (child's play) !NEWVID ON YT,"['Kiriko', 'Support', 'ADHD', 'Anime', 'Top500', 'English', 'Ana', 'Juno']",[],False
2,2025-04-10 04:02,TenZ,en,League of Legends,got a haircut today :D,"['English', 'Anime', 'FPS', 'tenz']",[],False
2,2025-04-10 04:02,dafran,en,Overwatch 2,Poppin off in ways you have never seen before,['English'],[],False
2,2025-04-10 04:02,flotsam,en,Sea of Thieves,Solo Sloop PvP Chaos 🐛,"['Solo', 'PvP', 'English']",[],False
2,2025-04-10 04:02,Nautilifts,en,Marvel Rivals,☢️RANK #1 BRUCE BANNER☢️ || MR S2 Waiting Room // long stream ➔ !tiktok !discord,"['English', 'chill', 'aura', 'Marvel', 'marvelrivals', 'BruceBanner']",[],True
2,2025-04-10 04:02,AxolotlWithAxes,en,League of Legends,NA MASTER DRAVEN POSITIVE VIBES :3,"['Draven', 'ADC', 'League', 'LOL', 'Jinx', 'English']",[],False
2,2025-04-10 04:02,Visions_Of_V_,en,League of Legends,🔥RANK 5 YASUO🔥GM CLIMB🔥DESCENDANT OF GREATNESS🔥!DISCORD🔥!GIRTH🔥FOLLOW🔥SUB🔥,"['English', 'Anime', 'chill', 'ADHD', 'yasuo', 'yasuomain', 'Yassuo', 'Yonemain', 'Yone', 'DEVILMAYCRY']",[],False
2,2025-04-10 04:02,SLICKTV,en,League of Legends,kennen otp | cozy vibes,"['English', 'Cozy', 'Chill', 'Kennen', 'Filipino', 'Pinoy', 'pride', 'Lumpia', 'AsianAmerican', '5ft7btw']",[],False
3,2025-04-11 16:02,Necros,en,Marvel Rivals,[!DROPS ENABLED] SEASON 2 IS FINALLY HERE. EMMA FROST HAS COME AND SO HAVE I.,"['English', 'spiderman', 'blackpanther', 'DropsEnabled']",[],False
3,2025-04-11 16:02,AuzioMF,en,EA Sports FC 25,90+ x5 PACKS RIGHT NOW! 🚨 !433 !prime !tts @AuzioMF,['English'],[],False
3,2025-04-11 16:02,MrSavage,en,Fortnite,SOLO CASH CUP | !HALLUCINA !CROSSHAIR !PING CODE 200IQ,"['English', 'vogue', 'model']",[],False
3,2025-04-11 16:02,AussieAntics,en,Fortnite,🏆 WATCHING SOLO CASH CUP 🏆 FNCS GRAND-FINALS IN 15 DAYS ⏰,['English'],[],False
3,2025-04-11 16:02,dannyaarons,en,EA Sports FC 25,"⚠️ 200,000 FC POINTS ⚠️ 90+ X5 TODAY ⚠️ RTG ⚠️ PSN: AannyDarons ⚠️",['English'],[],False
3,2025-04-11 16:02,Ninja,en,Marvel Rivals,"NEW DROPS ON | Marvel Rivals, Season 2, Hellfire Gala #AD | God is good ❤️","['English', 'Ninja', 'BattleRoyale', 'Chapter6', 'YouKnowWhatsCrazy', 'LowTaperFade', 'ItsMassive', 'StillDraggingIt', 'SaveYourSkin', 'DropsEnabled']",[],False
3,2025-04-11 16:03,Charmelian,en,The Sims 4,D&D LEGACY ⚔️  Fairy Bard Gen [day 9] !lnl !shell,"['Chatty', 'Cozy', 'English', 'ClosedCaptions', 'LegacyChallenge', 'DnD']",[],False
3,2025-04-11 16:03,rachelcave,en,Ale & Tale Tavern,✨🍺 Serving Ales + Telling Tales with @UnstableSparkey 🍺✨ | !shell !EAcode !yt !mmc,"['lgbtqia', 'bisexual', 'anxiety', 'adhd', 'neurodivergent', 'chaos', 'mentalhealth', 'chatty', 'womensguild', 'English']",[],False
3,2025-04-11 16:03,EmrysKay,en,The Sims 4,[KIT GIVEAWAYS] COMMUNITY CAS CHALLENGE TOURS | !legacy !yt !eacreator,"['Transgender', 'Nonbinary', 'LGBTQIA2Plus', 'LilGuy', 'SamWinchesterHateAccount', 'WellEndowed', 'English', 'JeanMoreauProtectionSquad', 'ReMarriedToMomoMisfortune', 'wciffriendly']",[],False
4,2025-04-11 20:02,Necros,en,Marvel Rivals,[!DROPS ENABLED] SEASON 2 IS FINALLY HERE. EMMA FROST HAS COME AND SO HAVE I.,"['English', 'spiderman', 'blackpanther', 'DropsEnabled']",[],False
4,2025-04-11 20:02,lilsimsie,en,The Sims 4,building with *only* high school years!,"['SheHer', 'English']",[],False
4,2025-04-11 20:02,Clix,en,Fortnite,🚨 6FT Handsome Buzz Cut Man WINS SOLO CASHY with MAX passion | TODAYS GONNA BE A GREAT DAY  🚨,['English'],[],False
4,2025-04-11 20:02,JaayMC,en,Minecraft,🌎 Minecraft Viewer SMP! | 🌠 Partner Grind Streamathon (Day 15) 🌈 how are you?! | !partner,"['Survival', 'LGBTQ', 'SafeSpace', 'Cape', 'Drops', 'PlayingWithViewers', 'Chill', 'SMP', 'subathon', 'Minecraft']",[],False
4,2025-04-11 20:02,AussieAntics,en,Fortnite,🏆 WATCHING NA SOLO CASH CUP 🏆PETERBOT POV IN REPLAYS 👀,['English'],[],False
4,2025-04-11 20:02,Linkzzey,en,Minecraft,"🔴Hardcore 46,200+Days|4+Years|11,400+Hours !worldtour","['LetsPlay', 'English', 'Hardcore', 'RPG', 'Permadeath', 'SurvivaI', 'chill', 'hardcoreminecraft', 'FamilyFrendly']",[],False
4,2025-04-11 20:02,KEYS404,en,R.E.P.O.,SCARY ROBOT GAME AHHH | !tts !discord,"['chill', 'English', 'GIGACHAD', 'STOPREADINGTHETAGS', 'femboy', 'GoofyAssStream', 'music', 'sendhelp', 'CS2', 'counterstrike']",[],False
4,2025-04-11 20:02,haleysaurus123,en,Just Chatting,🤩24 HOUR STREAM! 🤩 VARIETY GAMES! PAINTING & BAKING! PEPPAPLAYZ  COSPLAY! JOIN NOW!  |  !discord !youtube,"['English', 'proplayer', 'globalelite', 'alphamale', 'sixfootfive', 'counterstrike', 'cs2']",[],False
4,2025-04-11 20:03,BiggorillaCS,en,Counter-Strike,CS2 Skins and Inventory Inspecting!! Possibly Grinding Stars | !youtube,"['skins', 'cases', 'English', 'tierlist', 'DPH', '4cameras', 'multicam', 'cs2skins', 'csgoskins', 'french']",['MatureGame'],False
5,2025-04-11 20:12,Necros,en,Marvel Rivals,[!DROPS ENABLED] SEASON 2 IS FINALLY HERE. EMMA FROST HAS COME AND SO HAVE I.,"['English', 'spiderman', 'blackpanther', 'DropsEnabled']",[],False
5,2025-04-11 20:12,Clix,en,Fortnite,🚨 6FT Handsome Buzz Cut Man WINS SOLO CASHY with MAX passion | TODAYS GONNA BE A GREAT DAY  🚨,['English'],[],False
5,2025-04-11 20:12,JaayMC,en,Minecraft,🌎 Minecraft Viewer SMP! | 🌠 Partner Grind Streamathon (Day 15) 🌈 how are you?! | !partner,"['Survival', 'LGBTQ', 'SafeSpace', 'Cape', 'Drops', 'PlayingWithViewers', 'Chill', 'SMP', 'subathon', 'Minecraft']",[],False
5,2025-04-11 20:13,lilsimsie,en,The Sims 4,building with *only* high school years!,"['SheHer', 'English']",[],False
5,2025-04-11 20:13,AussieAntics,en,Fortnite,🏆 WATCHING NA SOLO CASH CUP 🏆PETERBOT POV IN REPLAYS 👀,['English'],[],False
5,2025-04-11 20:13,Stewie2K,en,Counter-Strike,gamin? | !store !socials !discord !tradeit,"['English', 'FPS', 'CSGO', 'CS2', 'PRO', 'CS', 'Multiplayer']",['MatureGame'],False
5,2025-04-11 20:13,Doublelift,en,League of Legends,🚀MATCH DAY🚀NEAR AIRPORT VS SUPERNOVA NACL WEEK 3🚀NA to the moon🚀,"['English', 'Furry', 'Vtuber', 'ChineseAmerican', 'kitten', 'kpopstan', 'washed', 'ASMR', 'ThiccGamerGirl']",[],False
5,2025-04-11 20:13,KarasMai,en,League of Legends,2 Challenger Accounts - Rank 1 Kayn World -  !Challenger !discord,"['English', 'kayn']",[],False
5,2025-04-11 20:13,TFBlade,en,League of Legends,NEAR AIRPORT OFFICIAL MATCHES - (0-0),"['English', 'Rank1', 'Toplaner']",[],False
6,2025-04-12 16:02,Clix,en,Fortnite,🚨 WINNING PJ FNCS CHAMPION CUP INTO SOLO CASHY | ITS SATURDAY AHHH 🚨,['English'],[],False
6,2025-04-12 16:02,Necros,en,Marvel Rivals,[!DROPS ENABLED] SEASON 2 IS FINALLY HERE. EMMA FROST HAS COME AND SO HAVE I.,"['English', 'spiderman', 'blackpanther', 'DropsEnabled']",[],False
6,2025-04-12 16:02,MrSavage,en,Fortnite,SOLO CASH CUP FINALS | !HALLUCINA !CROSSHAIR !PING CODE 200IQ,"['English', 'vogue', 'model']",[],False
6,2025-04-12 16:02,Sword4000_,en,Minecraft,🔥 Minecraft 100 Player Hunger Games Charity Event 🔥 I AM STEVE 🔥 CHICKEN JOCKEY 🔥 0 DEATHS!!! 🔥 SURPRISE APPEARANCE 🔥,"['event', 'minecraft', 'hungergamesminecraft', 'sword4000', 'bestplayerintheworld', 'ProfessionalGamer', 'parttimer', 'hungergames', 'English']",[],False
6,2025-04-12 16:02,BushCampDad,en,Fortnite,CROWN WIN AFTER CROWN WIN AFTER CROWN WIN! | USE CODE BUSHCAMPDAD #AD,"['camping', 'Bushcamper', 'treecamper', 'BadPlayerAlert', 'cantbuild', 'FamilyFriendly', 'English', 'wordsonstream']",[],False
6,2025-04-12 16:02,NickEh30,en,Fortnite,Best Memes of Fortnite Chapter 6 | Code NickEh30 #EpicPartner,"['Canadian', 'Positivity', 'BattleRoyale', 'PC', 'FamilyFriendly', 'Multiplayer', 'PVP', 'PlayingWithViewers', 'English', 'Drops']",[],False
6,2025-04-12 16:02,RSDGAWD,en,EA Sports FC 25,IMMORTAL FUT CHAMPS!!! | !442 !tiktok,"['English', 'pro', 'champs', 'TOTY']",[],False
6,2025-04-12 16:03,ryanpessoa_,en,EA Sports FC 25,RTG FUT CHAMPS! !youtube !4231 !disc,"['English', 'fc25', 'gameplay', 'packs']",[],False
6,2025-04-12 16:03,GoalPoacher,en,EA Sports FC 25,💣 PRO MAIN CHAMPS (0-0) 💣 TITI 🔥 💣 !tactics 💣,"['futchamps', 'pro', 'EAFC', 'futchampions', 'ultimateteam', 'FUT', 'English', 'WeekendLeague', 'fc25', 'eafc25']",[],False
7,2025-04-13 04:01,August,en,Overwatch 2,🔴TOP 500 SUPPORTING!🔴Facecam stream so you can see the weekend games drain my sanity one game at a time.,"['Kiriko', 'Support', 'ADHD', 'Anime', 'Top500', 'English', 'Ana', 'Juno']",[],False
7,2025-04-13 04:01,Nautilifts,en,Marvel Rivals,[!DROPS] ☢️RANK #1 BRUCE BANNER☢️ || MR S2 CUSTOMS + RANKED LATER // long stream ➔ !tiktok !discord,"['English', 'chill', 'aura', 'Marvel', 'marvelrivals', 'BruceBanner', 'DropsEnabled']",[],False
7,2025-04-13 04:01,zi8gzag,en,GeoGuessr,World League Warmup,['English'],[],False
7,2025-04-13 04:01,Caedrel,en,League of Legends,🔴DK VS GENG LCK CO STREAM #LCKWatchParty !dpmlol !discord !displate,"['English', 'LPL', 'LCK', 'LEC']",[],False
7,2025-04-13 04:01,Oatley,en,Fortnite,"OCE SOLO CASH CUP FINALS | Code ""Oatley"" #ad | !socials !youtube !fncs !delay","['FamilyFriendly', 'Fortnite', 'BattleRoyale', 'Multiplayer', 'Action', 'Competitive', 'Professional', 'Positivity', 'PC', 'English']",[],False
7,2025-04-13 04:01,CarlCrafts,en,Minecraft,IMPOSSIBLE MINECRAFT - with @queen_ov_drama @sir_nipplington and @jazzlikeonion,"['Australian', 'ADHD', 'Hardcore', 'English', 'Neurodivergent', 'Aussie', 'ClosedCaptions', 'Beard', 'vanilla', 'OCE']",[],False
7,2025-04-13 04:02,MiaMooo_,en,Minecraft,reading AITA and getting some building done !yt !discord,"['LGBTQIAPlus', 'vibesandchill', 'English', 'yapping']",[],False
7,2025-04-13 04:02,Duke_Snukem,en,Schedule I,"🟡EXPANDING MY DRUG EMPIRE🟡🟢Laundering Money, Gambling, and More Gambling🟢🌿Schedule 1🌿👠JUG👠/ !discord !merch !throne","['English', 'Mature', 'Chill', 'Chatty']","['MatureGame', 'ProfanityVulgarity']",False
7,2025-04-13 04:02,MrHopzz_,en,Minecraft,Weeklong time (day 8) | lost in the men | !d !nc !sfx !yt,"['English', 'BallroomDance', 'Bisexual', 'oneinchwarrior', 'smallstreamersupport', 'Hardcore', 'playingwithfriends', 'PlayingwithViewers']",[],False
8,2025-04-13 16:01,AuzioMF,en,EA Sports FC 25,SWEATING MALDINI CUP! 🚨 !433 !prime !tts @AuzioMF,['English'],[],False
8,2025-04-13 16:01,bogur,en,Marvel Rivals,!DROPS elo nuclear bomb ready to launch,"['English', 'bingus', 'silly', 'DropsEnabled']",[],False
8,2025-04-13 16:01,tense198_v2,es,Counter-Strike,💚 THE BEST 💚 ^^ top mundiale 🤣  !giveaway !keydrop !heylink !yt !video,"['Español', 'English']",['MatureGame'],True
8,2025-04-13 16:02,ow_esports,en,Overwatch 2,OWCS 2025 Stage 1 Promotion/Relegation,"['Esports', 'English', 'fps', 'Shooter', 'Action', 'overwatch2', 'drops', 'OWCS', 'faceit']",[],False
8,2025-04-13 16:02,Dantes,en,League of Legends,80% WR MASTERS - BEST HEC WORLD - DEMON GRIND TO GM,['English'],[],False
8,2025-04-13 16:02,AR12Gaming,en,BeamNG.drive,The Easter Egg Hunt!! | Use !water in chat to checkout the new AR12 Bottles,['English'],[],True
9,2025-04-13 16:09,AuzioMF,en,EA Sports FC 25,SWEATING MALDINI CUP! 🚨 !433 !prime !tts @AuzioMF,['English'],[],False
9,2025-04-13 16:09,bogur,en,Marvel Rivals,!DROPS elo nuclear bomb ready to launch,"['English', 'bingus', 'silly', 'DropsEnabled']",[],False
9,2025-04-13 16:09,tense198_v2,es,Counter-Strike,💚 THE BEST 💚 ^^ top mundiale 🤣  !giveaway !keydrop !heylink !yt !video,"['Español', 'English']",['MatureGame'],True
9,2025-04-13 16:09,ow_esports,en,Overwatch 2,OWCS 2025 Stage 1 Promotion/Relegation,"['Esports', 'English', 'fps', 'Shooter', 'Action', 'overwatch2', 'drops', 'OWCS', 'faceit']",[],False
9,2025-04-13 16:09,Dantes,en,League of Legends,80% WR MASTERS - BEST HEC WORLD - DEMON GRIND TO GM,['English'],[],False
9,2025-04-13 16:09,AR12Gaming,en,BeamNG.drive,The Easter Egg Hunt!! | Use !water in chat to checkout the new AR12 Bottles,['English'],[],True
9,2025-04-13 16:09,runthefutmarket,en,EA Sports FC 25,IMMORTAL LEAGUE IS HERE! ROAD TO MALDINI!!! | !prime for prime sub,"['English', 'sports', 'soccer', 'Football']",[],False
9,2025-04-13 16:09,ryanpessoa_,en,EA Sports FC 25,MALDINI RTG FUT CHAMPS! !youtube !4231 !disc,"['English', 'fc25', 'gameplay', 'packs']",[],False
9,2025-04-13 16:09,NHaych7,en,EA Sports FC 25,🚨(11-1) IMMORTALS CHAMPSSSSS 🚨,['English'],[],False
10,2025-04-14 08:02,Oatley,en,Fortnite,"PRO RELOAD RANKED | Code ""Oatley"" #ad | !socials !youtube !fncs","['FamilyFriendly', 'Fortnite', 'BattleRoyale', 'Multiplayer', 'Action', 'Competitive', 'Professional', 'Positivity', 'PC', 'English']",[],False
10,2025-04-14 08:02,Necros,en,Marvel Rivals,[!DROPS ENABLED] SEASON 2 IS SO FUN,"['English', 'spiderman', 'blackpanther', 'DropsEnabled']",[],False
10,2025-04-14 08:02,Moreweth,en,The Last of Us Part I,I Will Only Sleep When I Finish TLOU Part 1 (one sitting subathon) | !FrontPage,"['AMA', 'English', 'Portuguese', 'FirstPlaythrough', 'TLO']",['MatureGame'],False
10,2025-04-14 08:02,August,en,Overwatch 2,🔴TOP 500 SUPPORTING!🔴Facecam stream because it was fun yesterday during these trying times (end of season ranked),"['Kiriko', 'Support', 'ADHD', 'Anime', 'Top500', 'English', 'Ana', 'Juno']",[],False
10,2025-04-14 08:02,VALORANT_Pacific,en,VALORANT,DFM vs. PRX - VCT Pacific - Stage 1 - Group Stage - Day 12,"['VCTPacific', 'VCT', 'VALORANT', 'English', 'VCTP', 'RisePacific']",[],False
10,2025-04-14 08:03,dafran,en,Marvel Rivals,[DROPS] PUNISHING THE ENEMY BECAUSE THEY HAVE BEEN TOXIC,"['English', 'DropsEnabled']",[],False
10,2025-04-14 08:03,LittleSpaceRock,en,Dead by Daylight,✅!DROPS✅| !JOIN OPEN LOBBIES ALL NIGHT | !Jukebox | SOCIALS @littlespacerock,"['English', 'Goth', 'Girl', 'Woman', 'IntoTheFog', 'DropsEnabled', 'PlayingwithViewers', 'PlaysWithViewers']",['MatureGame'],False
10,2025-04-14 08:03,Vordyanskiy_,ru,R.E.P.O.,Р.Е.П.К.А ВМЕСТЕ С ВАМИ! | !tg !donate !server,"['Русский', 'Общение', 'Красивый', 'Умный', 'Крутой', 'Комфортик', 'Смешной', 'Лучший', 'Украiньска']",[],False
10,2025-04-14 08:03,NickEh30_Offline,en,Fortnite,🔴NICKEH30 WAITING ROOM🔴,"['nickeh30', 'sypherpk', 'clix', 'English']",[],False
11,2025-04-14 16:01,JonnyMackaronny,en,Minecraft,DAY 3 PUBLIC SMP 😎 #1 JOINABLE SMP🌷,"['joinable', 'English', 'PlayingwithViewers', 'viewersmp', 'publicsmp', 'smp', 'survival', 'minecraft', 'Java', 'bedrock']",[],False
11,2025-04-14 16:01,imBobTV,en,Fortnite,🟣NEW FORTNITE UPDATE OUT NOW!! 🌎EU🌏 💸#1 Fortnite Customs Host💸CODE: BOBTV,"['English', 'Fortnite', 'live', 'gaming', 'clix', 'nickeh30', 'Lacy', 'ninja', 'PlayingwithViewers', 'mongraal']",[],False
11,2025-04-14 16:01,BigBadSnowdon,en,Fortnite,FORTNITE CUSTOMS🔥PLAY WITH US🔥CHILL STREAM!,"['English', 'adhd', 'bald', 'fortnite', 'chill']",[],False
11,2025-04-14 16:01,Moreweth,en,The Last of Us Part I,I Will Only Sleep When I Finish TLOU Part 1 (one sitting subathon) | !FrontPage,"['AMA', 'English', 'Portuguese', 'FirstPlaythrough', 'TLO']",['MatureGame'],False
11,2025-04-14 16:01,SumoGGs,en,Minecraft,JOINABLE VIEWER SMP (SumoSMP) | RUNNING AROUND DOING THINGS | Java 1.21.4 | !badge | !smp | !discord |,"['Sumo', 'English', 'playingwithviewers', 'smp', 'viewersmp']",[],False
11,2025-04-14 16:02,SypherPK,en,Fortnite,NEW RELOAD MAP SOON ⚔ !oneofus,"['PvP', 'Multiplayer', 'English', 'battleroyale', 'Fortnite']",[],False
11,2025-04-14 16:02,ElCesarOne,es,EA Sports FC 25,✅ RECOMPENSAS DE RANGO 1 & 2. HOY PLAYER PICK & MEJORAS!🔥 Culicich @elcesarone,"['Español', 'fifa', 'FC', 'EASPORTSFC', 'easportsfc25', 'eafc25', 'WebApp']",[],False
11,2025-04-14 16:02,Roxasorg13th,es,EA Sports FC 25,"QUEREMOS HACER HISTORIA EN FC EN LA RTG!! | BARESI SBC, NUEVAS EVO Y MEJORAS",['Español'],[],False
11,2025-04-14 16:02,ConanGW,es,EA Sports FC 25,☀️LAS 11🔥CONTENIDO DIARIO🎆IMMORTALS EQUIPO 2😁LUNES DE MEJORAS TERMINAMOS FC Y LIGA MALDINI | PACK OPENING | FUT CHAMPIONS➡️!horarios !id,"['fc25', 'fc25livestream', 'fc25gameplay', 'fc25Live', 'futchampions', 'divisionrivals', 'fc25packopening', 'FC25stream', 'ConanGW', 'ultimateteam']",[],False
12,2025-04-14 16:09,imBobTV,en,Fortnite,🟣NEW FORTNITE UPDATE OUT NOW!! 🌎EU🌏 💸#1 Fortnite Customs Host💸CODE: BOBTV,"['English', 'Fortnite', 'live', 'gaming', 'clix', 'nickeh30', 'Lacy', 'ninja', 'PlayingwithViewers', 'mongraal']",[],False
12,2025-04-14 16:09,BigBadSnowdon,en,Fortnite,FORTNITE CUSTOMS🔥PLAY WITH US🔥CHILL STREAM!,"['English', 'adhd', 'bald', 'fortnite', 'chill']",[],False
12,2025-04-14 16:09,Moreweth,en,The Last of Us Part I,I Will Only Sleep When I Finish TLOU Part 1 (one sitting subathon) | !FrontPage,"['AMA', 'English', 'Portuguese', 'FirstPlaythrough', 'TLO']",['MatureGame'],False
12,2025-04-14 16:09,SypherPK,en,Fortnite,NEW RELOAD MAP SOON ⚔ !oneofus,"['PvP', 'Multiplayer', 'English', 'battleroyale', 'Fortnite']",[],False
12,2025-04-14 16:10,JonnyMackaronny,en,Minecraft,DAY 3 PUBLIC SMP 😎 #1 JOINABLE SMP🌷,"['joinable', 'English', 'PlayingwithViewers', 'viewersmp', 'publicsmp', 'smp', 'survival', 'minecraft', 'Java', 'bedrock']",[],False
12,2025-04-14 16:10,jivi,en,Fortnite,#1 Solo Unreal Ranked 400+👑NEW YT VIDEO !vid👑Use Code: Jivi !discord !settings,"['playingwithviewers', 'English', 'clix', 'Bugha', 'Lacy', 'ninja', 'tfue', 'nickeh30', 'jiviontwitch']",[],False
12,2025-04-14 16:10,SnowyFPS,en,Sea of Thieves,Galleon Hourglass ⛵ │ !level ⭐,"['English', 'Variety', 'snowyfps', 'seaofthieves', 'hourglasspvp', 'hourglass', 'immortalValorant']",[],False
12,2025-04-14 16:10,BoxyFresh,en,Sea of Thieves,🏴‍☠️HOWDY🏴‍☠️  TTS 500  !latest !merch !art,"['English', 'LordofFrenziedFlame', 'OnlyUpChampion', 'SubnauticaFirefighter', 'ProLegoBuilder', 'PuzzleMaster', 'AmateurAstronomer', 'GetToWorkCEO']",[],False
12,2025-04-14 16:10,iDbz,en,Sea of Thieves,✨CARRYING JEFF✨ w/ @briittybear ✨!sologuide !plusprogram !socials,"['English', 'Db', 'French', 'Pvp', 'Tucks', 'Goober']",[],False
0,2025-04-14 20:02,KreekCraft,en,Minecraft,STREAM ENDS WHEN I DIE ❤️ MINECRAFT HARDCORE ❤️ CHICKEN JOCKEY ❤️ MODS,"['roblox', 'robux', 'ADHD', 'chill', 'LOUD', 'gaming', 'funny', 'Chatty', 'Cozy', 'gamer']",[],False
0,2025-04-14 20:02,FroggerOW,en,Overwatch 2,[DROPS ON!] STADIUM EARLY ACCESS TODAY OMG OMG OMG OMG OMG,"['Australian', 'English', 'DropsEnabled']",[],False
0,2025-04-14 20:02,Aspen,en,Overwatch 2,[!DROPS] ITS STADIUM TIME!! LETS GO OMG 3RD PERSON!!! -> !newvid !pobox,"['English', 'DropsEnabled']",[],False
0,2025-04-14 20:02,KingSammelot,en,Schedule I,🔴INSANE🔴ASTONISHING🔴STUPENDOUS🔴PHENOMENAL🔴PRODIGIOUS🔴MIRACULOUS🔴MINDBLOWING🔴BREATHTAKING STREAM🔴MUGA IN CHAT RIGHT NOW🔴,"['English', 'clipfarming', 'MUGA', 'kingsammelot']",['MatureGame'],False
0,2025-04-14 20:02,DrDonutttttt,en,Minecraft,,"['English', 'smp', 'DonutSMP', 'drdonut', 'crystalpvp', 'pvp', 'cpvp', 'survival', 'survival', 'minecraft']",[],False
0,2025-04-14 20:02,BushCampDad,en,Fortnite,QUICK STREAM WHILE MY KID IS AT BASEBALL | USE CODE BUSHCAMPDAD #AD,"['camping', 'Bushcamper', 'treecamper', 'BadPlayerAlert', 'cantbuild', 'FamilyFriendly', 'English', 'wordsonstream']",[],False
0,2025-04-14 20:02,Specter___01,en,Marvel Rivals,🟣DROPS ON🟣SEASON 2 RANKED IS AGONY🟣AM I AN UNC???🟣JOURNEY TO ETERNITY🟣,"['English', 'gaming', 'DropsEnabled']",[],False
0,2025-04-14 20:03,yyuzumaa,en,Marvel Rivals,(DROPS)🚨LOUD ENERGY🚨GAMES WITH VIEWERS🚨REACTIONS🚨 !discord,"['Rage', 'Anime', 'Music', 'English', 'LOUD', 'Chill', 'IRL', 'funny', 'DropsEnabled']",[],False
0,2025-04-14 20:03,Jay3,en,Marvel Rivals,[DROPS] -AFK HERE- GRINDING FOR TOP 500 | Follow socials --> @jay3,"['FPS', 'Shooter', 'Multiplayer', 'English', 'DropsEnabled']",[],False
1,2025-04-15 00:02,vinnie,en,Marvel Rivals,Post coachella lets rot and play game,"['English', 'DropsEnabled']",[],True
1,2025-04-15 00:02,shroud,en,Marvel Rivals,[NAMOR DROPS] I am the problem. |!shroudx,"['English', 'DropsEnabled']",[],False
1,2025-04-15 00:02,Aspen,en,Overwatch 2,[!DROPS] ITS STADIUM TIME!! LETS GO OMG 3RD PERSON!!! -> !newvid !pobox,"['English', 'DropsEnabled']",[],False
1,2025-04-15 00:02,caseoh_,en,Just Chatting,🟨DEBUNKING SCARY VIDS🟨,['English'],[],False
1,2025-04-15 00:03,Maxtaylorlive,en,Just Chatting,🔴REACTS AND STUFF - @Maxtaylorlive !hugesupps,['English'],[],False
1,2025-04-15 00:03,PewDiePie,en,Minecraft,Minecraft Monday! ∞ Binge @PewDiePie vids 24/7 with chat ∞ !video,"['Minecraft', 'YouTube', 'AlwaysOn', 'English', 'Rerun']",[],True
1,2025-04-15 00:03,SypherPKVODS,en,Fortnite,OFFICIAL 24/7 SYPHERPK CHANNEL,"['English', 'Rerun', 'BattlelRoyale', 'sypherpk', 'Fortnite']",[],False
1,2025-04-15 00:03,HappyHappyGal,en,Fortnite,Good Bunny 😇 Bad Bunny! 😈,"['English', 'Christian', 'Women', 'Woman', 'Girl', 'Female', 'PlayingWithViewers', 'FamilyFriendly', 'Fortnite', 'ZeroBuild']",[],False
1,2025-04-15 00:03,NickEh30_VODs,en,Fortnite,NickEh30 Fortnite Stream 24/7,"['Canadian', 'Positivity', 'BattleRoyale', 'PC', 'FamilyFriendly', 'Multiplayer', 'PVP', 'PlayingWithViewers', 'NickEh30', 'Drops']",[],False
2,2025-04-15 08:02,Nautilifts,en,Marvel Rivals,[!DROPS] ☢️RANK #1 BRUCE BANNER☢️ || S2 RANKED w/ @basimzb // long stream ➔ !tiktok !discord,"['English', 'chill', 'aura', 'Marvel', 'marvelrivals', 'BruceBanner', 'DropsEnabled']",[],False
2,2025-04-15 08:03,MrZacCas,en,Call of Duty: Warzone,(!DROPS)💎#1 AUS WARZONE PLAYER IN MY STREET💎!!! Getting my first win lol,"['English', 'Speedrun', 'gaming', 'IRL', 'Speedrunner', 'Australia', 'American', 'drops', 'DropsEnabled']",['MatureGame'],False
2,2025-04-15 08:03,Oatley,en,Fortnite,"RELOAD FORTNITE UPDATE | Code ""Oatley"" #ad | !socials !youtube !fncs","['FamilyFriendly', 'Fortnite', 'BattleRoyale', 'Multiplayer', 'Action', 'Competitive', 'Professional', 'Positivity', 'PC', 'English']",[],False
2,2025-04-15 08:03,Gale,en,Marvel Rivals,[DROPS✔️] DUELIST GOD - RANK 1 GUY,"['English', 'DropsEnabled']",[],False
2,2025-04-15 08:03,danielharrison,en,Counter-Strike,SWEATY PREM GAMES BABY,['English'],['MatureGame'],False
2,2025-04-15 08:03,Stewie2K,en,Counter-Strike,quick pug n a half | !store !socials !discord !tradeit,['English'],['MatureGame'],False
2,2025-04-15 08:03,Grxnt,en,Fortnite,🚨 *NEW* FORTNITE RELOAD UPDATE!! JOIN UP!! 🚨 !prime !yt !pc,"['Fortnite', 'FortniteUpdate', 'FortniteStream', 'FortniteNews', 'Grxnt', 'Gaming', 'FortniteSeason2', 'FortniteSolos', 'English', 'DropsEnabled']",[],False
2,2025-04-15 08:03,typicalgamer_offline,en,Fortnite,🏅OFFICIAL TYPICAL GAMER WAITING ROOM🏅,"['English', 'typicalgamer', 'DropsEnabled']",[],False
2,2025-04-15 08:03,Avxry,en,Fortnite,New RELOAD MAP UPDATE | !socials !prime !newvid,"['Fortnite', 'GQmodel', 'HarvardGraduate', 'MaleEntertainer', 'English', 'DropsEnabled']",[],False
3,2025-04-15 08:16,Nautilifts,en,Marvel Rivals,[!DROPS] ☢️RANK #1 BRUCE BANNER☢️ || S2 RANKED w/ @basimzb // long stream ➔ !tiktok !discord,"['English', 'chill', 'aura', 'Marvel', 'marvelrivals', 'BruceBanner', 'DropsEnabled']",[],False
3,2025-04-15 08:16,MrZacCas,en,Red Dead Redemption 2,BEATING RED DEAD 2 FOR THE FIRST TIME,"['English', 'Speedrun', 'gaming', 'IRL', 'Speedrunner', 'Australia', 'American', 'drops']",['MatureGame'],False
3,2025-04-15 08:16,Oatley,en,Fortnite,"RELOAD FORTNITE UPDATE | Code ""Oatley"" #ad | !socials !youtube !fncs","['FamilyFriendly', 'Fortnite', 'BattleRoyale', 'Multiplayer', 'Action', 'Competitive', 'Professional', 'Positivity', 'PC', 'English']",[],False
3,2025-04-15 08:17,Gale,en,Marvel Rivals,[DROPS✔️] DUELIST GOD - RANK 1 GUY,"['English', 'DropsEnabled']",[],False
3,2025-04-15 08:17,danielharrison,en,Counter-Strike,SWEATY PREM GAMES BABY,['English'],['MatureGame'],False
3,2025-04-15 08:17,Stewie2K,en,Counter-Strike,quick pug n a half | !store !socials !discord !tradeit,['English'],['MatureGame'],False
3,2025-04-15 08:17,Beardageddon247,en,Sea of Thieves,Rerun - No Drops | 24/7 Beardageddon Watch Party | Sea of Thieves,"['English', 'Rerun', 'NoDrops', 'hangout', 'NotLive', 'catchup', 'lotsofads']",[],False
3,2025-04-15 08:17,Chodie,en,Fallout 4,COMMONWEALTH PECKER 🚨 !yt !tts,"['roleplay', 'English', 'Improv', 'Singleplayer', 'Comedy']",['MatureGame'],False
3,2025-04-15 08:17,Flux,en,Sea of Thieves,🟩 SOLO PVP 🟩 DAY 11/∞ SINKING TALL TALERS,"['seaofthieves', 'Pirate', 'English', 'drops', 'Adventure', 'PvP']",[],False
4,2025-04-15 08:32,Oatley,en,Fortnite,"(NEW !DROPS ON) RELOAD FORTNITE UPDATE | Code ""Oatley"" #ad | !socials !youtube !fncs","['FamilyFriendly', 'Fortnite', 'BattleRoyale', 'Multiplayer', 'Competitive', 'Professional', 'Positivity', 'PC', 'English', 'DropsEnabled']",[],False
4,2025-04-15 08:32,MrZacCas,en,Red Dead Redemption 2,BEATING RED DEAD 2 FOR THE FIRST TIME,"['English', 'Speedrun', 'gaming', 'IRL', 'Speedrunner', 'Australia', 'American', 'drops']",['MatureGame'],False
4,2025-04-15 08:32,Gale,en,Marvel Rivals,[DROPS✔️] DUELIST GOD - RANK 1 GUY,"['English', 'DropsEnabled']",[],False
4,2025-04-15 08:32,danielharrison,en,Counter-Strike,SWEATY PREM GAMES BABY,['English'],['MatureGame'],False
4,2025-04-15 08:32,Loeya,en,Fortnite,[NEW DROPS ENABLED] Hotfix update today?! Code: LOEYA #EpicPartner,"['Cats', 'BattleRoyale', 'English', 'DropsEnabled']",[],True
4,2025-04-15 08:32,Stewie2K,en,Counter-Strike,quick pug n a half | !store !socials !discord !tradeit,['English'],['MatureGame'],False
4,2025-04-15 08:32,Hamy,en,VALORANT,HAMY RANKED,['English'],['ProfanityVulgarity'],False
4,2025-04-15 08:32,nAts,en,VALORANT,Liquid nAts | On the way to TOP 1 | !Alienware !match !where !tg !social [RU/ENG],"['English', 'Русский', 'VALORANT']",[],False
4,2025-04-15 08:32,jingggxd,en,VALORANT,FINALLY FIRST WIN! RANKED W JASON THEN PATMEN !tiktok !match !nightmarket,['English'],[],False
5,2025-04-15 08:49,Oatley,en,Fortnite,"(NEW !DROPS ON) RELOAD FORTNITE UPDATE | Code ""Oatley"" #ad | !socials !youtube !fncs","['FamilyFriendly', 'Fortnite', 'BattleRoyale', 'Multiplayer', 'Competitive', 'Professional', 'Positivity', 'PC', 'English', 'DropsEnabled']",[],False
5,2025-04-15 08:49,MrZacCas,en,Red Dead Redemption 2,BEATING RED DEAD 2 FOR THE FIRST TIME,"['English', 'Speedrun', 'gaming', 'IRL', 'Speedrunner', 'Australia', 'American', 'drops']",['MatureGame'],False
5,2025-04-15 08:49,nAts,en,VALORANT,Liquid nAts | On the way to TOP 1 | !Alienware !match !where !tg !social [RU/ENG],"['English', 'Русский', 'VALORANT']",[],False
5,2025-04-15 08:49,SakuraaaGaming,en,Animal Crossing: New Horizons,61X TREASURE ISLANDS! | 26 SUB ISLANDS! | ALL ITEMS! | !commands !rules !map !dodo !maxbells !order !find !sub !discord,"['TreasureIslands', 'TreasureIsland', 'FamilyFriendly', 'Free', 'English']",[],False
5,2025-04-15 08:49,Grimm,en,VALORANT,😭GREAT DAY OF VALORANT RANKED😭HIGHEST RANKED SAGE OF ALL TIME😭YOU WERE HERE😭LETS WIN NOT LOSE PLEASE😭,['English'],[],False
5,2025-04-15 08:49,danielharrison,en,Fortnite,awsome xd sniper fortnite moments,['English'],[],False
5,2025-04-15 08:50,Moreweth,en,Overwatch 2,I Will Play Only Mercy Until I Reach Grandmaster. | Day 285 Sub=Vod Review !drops,"['AMA', 'English', 'Portuguese', 'overwatch2', 'Mercy', 'Competitive', 'DropsEnabled']",[],False
5,2025-04-15 08:50,vulture_ow,en,Overwatch 2,[!DROPS] LONG STREAM!!! - i didnt know i had to sign up for stadium... !discord !newvid,"['English', 'Competitive', 'fps', 'junkrat', 'SewerRat', 'overwatch', 'hashtagawesome', 'DropsEnabled']",[],False
5,2025-04-15 08:50,JOYSTICK,en,Overwatch 2,🔴 [!DROPS ON] 🔴 24/7 SUBATHON 🔴 TOP 500 6V6 RANKED 🔴 NEW !MERCH DROP 🔴 GFUEL CODE JOYSTICK 🔴,"['PC', 'English', 'Drops', 'MouseAndKeyboard', 'Overwatch', 'DPS', 'Top500', 'Grandmaster', '6v6', 'DropsEnabled']",[],False
0,2025-04-16 16:03,TimTheTatman,en,Call of Duty: Warzone,DROPS ON - VERDANSK IS BACK AND TIM IS FAT,"['English', 'DropsEnabled']",['MatureGame'],False
0,2025-04-16 16:03,NickEh30,en,Fortnite,NEW DROPS ON - Fortnite Live Event Countdown | Code NickEh30 #EpicPartner,"['Canadian', 'Positivity', 'BattleRoyale', 'PC', 'FamilyFriendly', 'Multiplayer', 'PVP', 'PlayingWithViewers', 'English', 'Drops']",[],False
0,2025-04-16 16:03,renyan,en,Counter-Strike,⚠️ 30.000 RATING ACHIEVED ⚠️ PREMIER GRIND SOLO QUEUE ⚠️ !csmoney !deskmat,['English'],['MatureGame'],False
0,2025-04-16 16:04,kraandop,en,Marvel Rivals,[!DROPS] WHOEVER GETS HIGHEST RANK IN 24 HOURS WINS. ME VS HADI. !GG !VIDEO,"['Nederlands', 'English', 'DropsEnabled']",[],False
0,2025-04-16 16:04,Flats,en,Marvel Rivals,[!DROPS ENABLED] BIRTHDAY STREAM!! OLD AND TIRED + !gamersupps CUP COLLAB REVEAL TODAY AT 2PM EST!!,"['English', 'DropsEnabled']",[],False
0,2025-04-16 16:04,TheFutAccountant,en,EA Sports FC 25,TOTS VOTING + LEAKS! !prime !code !vote,"['FIFA', 'Soccer', 'Football', 'English']",[],False
0,2025-04-16 16:04,Rakattack,en,Overwatch 2,[DROPS] !LFT STADIUM GAMES AND FPL GAMES,"['English', 'NOMOTION', 'grippy', 'selfemployed', 'NonchalantWhiteBoy', 'chill', 'DropsEnabled']",[],False
0,2025-04-16 16:04,Skiesti,en,Overwatch 2,🔴 [!DROPS] 🔴 MERCY !STADIUM GAMING | !mercyhelp !heroperks,"['ADHD', 'SafeSpace', 'Mercy', 'Interactive', 'Chill', 'Canadian', 'Educational', 'Support', 'ClosedCaptions', 'English']",[],False
0,2025-04-16 16:04,ZBRA,en,Overwatch 2,"[DROPS] LONG STREAM, DOOMFIST GRIND","['Ranked', 'Doomfist', 'English', 'chill', 'Doomfist', 'DropsEnabled']",[],False
1,2025-04-16 16:24,renyan,en,Counter-Strike,⚠️ 30.000 RATING ACHIEVED ⚠️ PREMIER GRIND SOLO QUEUE ⚠️ !csmoney !deskmat,['English'],['MatureGame'],False
1,2025-04-16 16:24,NickEh30,en,Fortnite,NEW DROPS ON - Fortnite Live Event Countdown | Code NickEh30 #EpicPartner,"['Canadian', 'Positivity', 'BattleRoyale', 'PC', 'FamilyFriendly', 'Multiplayer', 'PVP', 'PlayingWithViewers', 'English', 'Drops']",[],False
1,2025-04-16 16:24,kraandop,en,Marvel Rivals,[!DROPS] WHOEVER GETS HIGHEST RANK IN 24 HOURS WINS. ME VS HADI. !GG !VIDEO,"['Nederlands', 'English', 'DropsEnabled']",[],False
1,2025-04-16 16:24,Flats,en,Marvel Rivals,[!DROPS ENABLED] BIRTHDAY STREAM!! OLD AND TIRED + !gamersupps CUP COLLAB OUT NOW!!,"['English', 'DropsEnabled']",[],False
1,2025-04-16 16:24,TheFutAccountant,en,EA Sports FC 25,TOTS VOTING + LEAKS! !prime !code !vote,"['FIFA', 'Soccer', 'Football', 'English']",[],False
1,2025-04-16 16:24,BushCampDad,en,Fortnite,[DROPS ON] SUB GAME WEDNESDAY! | USE CODE BUSHCAMPDAD #AD,"['camping', 'Bushcamper', 'treecamper', 'BadPlayerAlert', 'cantbuild', 'FamilyFriendly', 'English', 'wordsonstream', 'DropsEnabled']",[],False
1,2025-04-16 16:24,JaayMC,en,Minecraft,🌎 Minecraft Survival - Building & Chillin! | 🌠 Partner Grind Streamathon (Day 19) 🌈 how are you?! | !join !partner,"['Survival', 'LGBTQ', 'SafeSpace', 'Cape', 'Drops', 'PlayingWithViewers', 'Chill', 'SMP', 'subathon', 'Minecraft']",[],False
1,2025-04-16 16:24,thefreddymc,en,Minecraft,👽 I might never beat minecraft again... 👽 Going for under 35:00 again... | NEW ALERTS,['English'],[],False
1,2025-04-16 16:24,pengwom,en,VALORANT,New Streamer! Give me a Chance!🐧 Waddle In🐧Day 93,"['English', 'vtuber', 'ｖtuber', 'ENVtuber', 'ADHD', 'Anime']",[],False
2,2025-04-16 20:03,FroggerOW,en,Overwatch 2,[DROPS ON!] STADIUM TIME... MAKING THE BEST LUCIO BUILD,"['Australian', 'English', 'DropsEnabled']",[],False
2,2025-04-16 20:03,kraandop,en,Marvel Rivals,[!DROPS] WHOEVER GETS HIGHEST RANK IN 24 HOURS WINS. ME VS HADI. !GG !VIDEO,"['Nederlands', 'English', 'DropsEnabled']",[],False
2,2025-04-16 20:03,Aspen,en,Overwatch 2,[!DROPS] ITS STADIUM TIME! LEARNING THE BEST JUNO BUILD !pobox,"['English', 'DropsEnabled']",[],False
2,2025-04-16 20:03,Flats,en,Marvel Rivals,[!DROPS ENABLED] BIRTHDAY STREAM!! OLD AND TIRED + !gamersupps CUP COLLAB OUT NOW!!,"['English', 'DropsEnabled']",[],False
2,2025-04-16 20:03,Shawrey_,en,EA Sports FC 25,ELITE RIVALS GRIND FUN TIMES!! !sapninstore !prime !hashtaghouse,['English'],[],False
2,2025-04-16 20:03,Clix,en,Fortnite,🏆 (!DROPS ENABLED) NEW RELOAD MAP OMG INTO WINNING EVAL TOURNEY LATER  🏆 | Watch for 60 minutes to claim both DROPS,"['English', 'DropsEnabled']",[],False
2,2025-04-16 20:03,fryboi4268,en,Minecraft,Minecraft HATES me,"['English', 'TalksToChat', 'Everyoneiswelcome']",[],False
2,2025-04-16 20:03,osdeelive,en,ROBLOX,🔴{LIVE}🔴 PLS DONATE OFFLINE DONATING TO VIEWERS! | 🔴,['English'],[],False
2,2025-04-16 20:03,zinxlinkk,en,ROBLOX,💸PLS DONATE ROBUX GIVEAWAYS 💸| ROBUX? POG?  | DONATION CENTRAL PROTECTING PREDATORS? RANT | !play !group !roblox,['English'],[],False
3,2025-04-16 20:24,FroggerOW,en,Overwatch 2,[DROPS ON!] STADIUM TIME... MAKING THE BEST LUCIO BUILD,"['Australian', 'English', 'DropsEnabled']",[],False
3,2025-04-16 20:25,kraandop,en,Marvel Rivals,[!DROPS] WHOEVER GETS HIGHEST RANK IN 24 HOURS WINS. ME VS HADI. !GG !VIDEO,"['Nederlands', 'English', 'DropsEnabled']",[],False
3,2025-04-16 20:25,Shawrey_,en,EA Sports FC 25,ELITE RIVALS GRIND FUN TIMES!! !sapninstore !prime !hashtaghouse,['English'],[],False
3,2025-04-16 20:25,Aspen,en,Overwatch 2,[!DROPS] ITS STADIUM TIME! LEARNING THE BEST JUNO BUILD !pobox,"['English', 'DropsEnabled']",[],False
3,2025-04-16 20:25,Clix,en,Fortnite,🏆 (!DROPS ENABLED) NEW RELOAD MAP OMG INTO WINNING EVAL TOURNEY LATER  🏆 | Watch for 60 minutes to claim both DROPS,"['English', 'DropsEnabled']",[],False
3,2025-04-16 20:25,HappyHappyGal,en,Fortnite,DROPS ON - Playing with Strangers! 😲,"['English', 'Christian', 'Women', 'Woman', 'Girl', 'Female', 'PlayingWithViewers', 'FamilyFriendly', 'Fortnite', 'ZeroBuild']",[],False
3,2025-04-16 20:25,Fi1es,en,Sea of Thieves,Untamed Controller Gods! w/ @Pushinwood 🏴‍☠️!partnerplus,"['PvP', 'English', 'ControllerPlayer', 'TTS100', 'SoTPartner']",[],False
3,2025-04-16 20:25,River,en,Sea of Thieves,"holy guacamole, yeah she riding my little pony 🐎   | BEING NICE TO CHAT TOMORROW,  EASTER COOKING STRIM SATURDAY","['PvP', 'PvE', 'English', 'soundalertsenabled']",[],True
4,2025-04-17 04:04,Nautilifts,en,Marvel Rivals,[!DROPS] ☢️RANK #1 BRUCE BANNER☢️ || S2 RANKED // long stream ➔ !tiktok !discord,"['English', 'chill', 'aura', 'Marvel', 'marvelrivals', 'BruceBanner', 'DropsEnabled']",[],False
4,2025-04-17 04:04,Oatley,en,Fortnite,"(!DROPS ON) OCE SOLO CASH CUP | Code ""Oatley"" #ad | !socials !youtube !fncs","['FamilyFriendly', 'Fortnite', 'BattleRoyale', 'Multiplayer', 'Competitive', 'Professional', 'Positivity', 'PC', 'English', 'DropsEnabled']",[],False
4,2025-04-17 04:04,midbeast,en,League of Legends,ZOE BUFFS ANNIE BUFFS TIME TO GO CRAZY ON THE RIFT,"['leagueoflegends', 'English', 'LyingEncouraged', 'Manipulator', 'Anime', 'Australia', 'dinosaurs', 'Affectionate', 'Golf', 'trapezoid']",[],False
4,2025-04-17 04:05,Clix,en,Fortnite,🏆 (!DROPS ENABLED) PRO TOKES WITH RON LACY KHANADA & HIGGS 🏆 | Watch for 60 minutes to claim both DROPS,"['English', 'DropsEnabled']",[],False
4,2025-04-17 04:05,Arguz11,en,ROBLOX,FREE ROBUX ON PLS DONATE! Commands on screen!,"['giveaway', 'playingwithviewers', 'roblox', 'plsdonate', 'bloxfruit', 'English', 'Rerun', 'Albion', 'mammoth', 'Silver']",[],False
4,2025-04-17 04:05,kraandop,en,Marvel Rivals,[!DROPS] WHOEVER GETS HIGHEST RANK IN 24 HOURS WINS. ME VS HADI. !GG !VIDEO,"['Nederlands', 'English', 'DropsEnabled']",[],False
4,2025-04-17 04:05,Gratisfaction,en,Counter-Strike,#PUGLIFE!,"['English', 'ExProfessionalBoomerGamer', 'GlobalElite', 'faceitlvl10']",['MatureGame'],False
4,2025-04-17 04:05,Heccu,en,Counter-Strike,SemperFi vs FlyQuest | BLAST Austin Major 2025 Oceania Regional Qualifier,"['English', 'watchparty', 'Heccu', 'CS2', 'counterstrike', 'COSTREAM', 'BLAST', 'major', 'Europe', 'RMR']",['MatureGame'],False
4,2025-04-17 04:05,pwnalonecs,en,Counter-Strike,ELO FARM! I OWE 50 PUSHUPS - !newvid !cheater !fish !fish2 !premier !viz2 !giraphe,"['PRO', 'OLD', 'GOAT', 'English']",['MatureGame'],False
5,2025-04-18 00:05,sinatraa,en,Marvel Rivals,[DROPS] ENVY vs SHIKI GRAND FINALS NEW META,"['English', 'DropsEnabled']",[],False
5,2025-04-18 00:06,Clix,en,Fortnite,🚨 (!DROPS ENABLED) 2v2 vs Petersnot & Reet🚨| GRANDS SOON !  | Watch for 60 minutes to claim both DROPS,"['English', 'DropsEnabled']",[],False
5,2025-04-18 00:06,Aspen,en,Overwatch 2,[!DROPS] ITS STADIUM TIME! LEARNING THE BEST JUNO BUILD !pobox !newvid,"['English', 'DropsEnabled']",[],False
5,2025-04-18 00:06,TypicalGamer,en,Fortnite,(DROPS ON) WATCH 1 HOUR for FREE WRAP + BACKBLING! 👑 SOLO CASH CUP! 👑,"['English', 'PC', 'Multiplayer', 'PvP', 'Fortnite', 'DropsEnabled']",[],False
5,2025-04-18 00:06,KreekCraft,en,ROBLOX,BLOX FRUITS GRAVITY UPDATE ☠️ FREE FRUITS ☠️ GIVEAWAY ☠️ ROBLOX LIVE,"['roblox', 'robux', 'ADHD', 'chill', 'LOUD', 'gaming', 'funny', 'Chatty', 'Cozy', 'gamer']",[],False
5,2025-04-18 00:06,Arguz11,en,ROBLOX,FREE ROBUX ON PLS DONATE! Commands on screen!,"['giveaway', 'playingwithviewers', 'roblox', 'plsdonate', 'bloxfruit', 'English', 'Rerun', 'Albion', 'mammoth', 'Silver']",[],False
5,2025-04-18 00:06,notsosnoopy,en,Just Chatting,new day new kitten,"['English', 'jasontheween', 'stableronaldo', 'ADHD', 'xqc', 'Adapt', 'Lacy']",['ProfanityVulgarity'],False
5,2025-04-18 00:06,cyecih,en,ROBLOX,Absolutely Freaking Nothing... Day 17 of 30... 51 FOLLOWS AWAY FROM BUZZCUT 🙏 (all links in profile),['English'],[],False
5,2025-04-18 00:06,BBpro6,en,ROBLOX,🟥WE BLOXXIN'🟥| Roblox Playing w/ Followers | !socials !lurk !discord,"['PC', 'English', 'Chatty', 'BackseatingAllowed', 'Gaming', 'AskMeAnything', 'Ginger', 'NA', 'LurkerFriendly', 'ClosedCaptions']",[],False
6,2025-04-18 00:24,Aspen,en,Overwatch 2,[!DROPS] ITS STADIUM TIME! LEARNING THE BEST JUNO BUILD !pobox !newvid,"['English', 'DropsEnabled']",[],False
6,2025-04-18 00:25,Clix,en,Fortnite,🚨 (!DROPS ENABLED) 2v2 vs Petersnot & Reet🚨| GRANDS SOON !  | Watch for 60 minutes to claim both DROPS,"['English', 'DropsEnabled']",[],False
6,2025-04-18 00:25,BushCampDad,en,Fortnite,[DROPS ON] DOMINATING SOLO CASH CUP!!! | USE CODE BUSHCAMPDAD #AD,"['camping', 'Bushcamper', 'treecamper', 'BadPlayerAlert', 'cantbuild', 'FamilyFriendly', 'English', 'wordsonstream', 'DropsEnabled']",[],False
6,2025-04-18 00:25,Arguz11,en,ROBLOX,FREE ROBUX ON PLS DONATE! Commands on screen!,"['giveaway', 'playingwithviewers', 'roblox', 'plsdonate', 'bloxfruit', 'English', 'Rerun', 'Albion', 'mammoth', 'Silver']",[],False
6,2025-04-18 00:25,MrZacCas,en,IRL,"☢️👽Alien Isolation👽☢️, This Game Is Way Too Scary !!!","['English', 'Speedrun', 'gaming', 'IRL', 'Speedrunner', 'Australia', 'American', 'drops']",[],False
6,2025-04-18 00:25,Warn,en,Overwatch 2,[!DROPS] ALL-STAR ASHE 🔴 STADIUM -> DRIVES GRIND 🔴 NEW SEASON TRAILER REACT + SKINS + NEW HERO + MORE 🔴 new !video,"['Overwatch', 'Competitive', 'ADHD', 'Drops', 'English', 'DropsEnabled']",[],False
6,2025-04-18 00:25,tristanwuu,en,VALORANT,getting destroyed in comp !socials !rank !sens !discord !pp,"['collegestudent', 'VALORANＴ', 'English']",[],False
6,2025-04-18 00:25,vinnie,en,Marvel Rivals,HELLOOOOOO PARTY PEOPLEEE,"['English', 'DropsEnabled']",[],True
6,2025-04-18 00:25,jackcashew,en,VALORANT,i'm good at the game again i swear,['English'],[],False
7,2025-04-18 04:02,Emongg,en,Overwatch 2,[!DROPS OWCS ENABLED] OWCS CO STREAM,"['English', 'DropsEnabled']",[],False
7,2025-04-18 04:02,Oatley,en,Fortnite,"(!DROPS ON) OCE SOLO CASH CUP FINALS | Code ""Oatley"" #ad | !socials !youtube !fncs","['FamilyFriendly', 'Fortnite', 'BattleRoyale', 'Multiplayer', 'Competitive', 'Professional', 'Positivity', 'PC', 'English', 'DropsEnabled']",[],False
7,2025-04-18 04:02,Loeya,en,Fortnite,[DROPS ENABLED] YIPPE Weekend is here! -Code: LOEYA #EpicPartner,"['Cats', 'BattleRoyale', 'English', 'DropsEnabled']",[],True
7,2025-04-18 04:02,Nautilifts,en,Just Chatting,[!DROPS] ☢️RANK #1 BRUCE BANNER☢️ || NEW STRANGE SKIN! // long stream ➔ !tiktok !discord,"['English', 'chill', 'aura', 'Marvel', 'marvelrivals', 'BruceBanner']",[],False
7,2025-04-18 04:03,Arguz11,en,ROBLOX,FREE ROBUX ON PLS DONATE! Commands on screen!,"['giveaway', 'playingwithviewers', 'roblox', 'plsdonate', 'bloxfruit', 'English', 'Rerun', 'Albion', 'mammoth', 'Silver']",[],False
7,2025-04-18 04:03,BushCampDad,en,Fortnite,[DROPS ON] DOMINATING SOLO CASH CUP!!! | USE CODE BUSHCAMPDAD #AD,"['camping', 'Bushcamper', 'treecamper', 'BadPlayerAlert', 'cantbuild', 'FamilyFriendly', 'English', 'wordsonstream', 'DropsEnabled']",[],False
7,2025-04-18 04:03,ItsNav,en,Grand Theft Auto V,🚨Late Night Hype?🚨!discord !sub🚨,"['English', 'Roleplay', 'GrandTheftAutoV', 'PlayingwWithViewers', 'gta', 'GTARP', 'GTAV']",['MatureGame'],False
7,2025-04-18 04:03,DGthe99,en,Grand Theft Auto V,FASTEST GROWING STREAM ON TWITCH! | SMILERP OWNER | FROWNRP OWNER| POWER GPU CODE: SMILE,"['apex', 'IRL', 'gamer', 'tiktok', 'English', 'GTARP']",['MatureGame'],False
7,2025-04-18 04:03,smush,en,R.E.P.O.,⚪ GOOD VIBES ONLY ⚪SLIM JIM ⚪PRODIGY RP / LIQUID RP ⚪  #ad !grabtap,"['English', 'SlimJim', 'LiquidRP', 'NoPixel', 'ProdigyRP', 'prodigy', 'Roleplay', 'GTARP']",[],False
8,2025-04-18 16:02,Necros,en,Marvel Rivals,[!DROPS ENABLED] BEATING THE PART TIME STREAMER ALLEGATIONS TODAY !tierlist,"['English', 'spiderman', 'blackpanther', 'DropsEnabled']",[],False
8,2025-04-18 16:02,AuzioMF,en,EA Sports FC 25,TOTS WARM-UP TODAY! 🚨 !433 !prime !tts @AuzioMF,['English'],[],False
8,2025-04-18 16:02,ShankJE,en,Marvel Rivals,[!DROPS: FREE NAMOR SKIN}⚡ SOLO Q RANKED ⚡ BRONZE TO GM ⚡ #1 VIBES ⚡ !discord | !crypto | !upside,"['English', 'chill', 'Cozy', 'vibes', 'chattingwithviewers', 'PlayingwWithViewers', 'AMA', 'superhero', 'marvelrivals', 'drops']",[],False
8,2025-04-18 16:02,Anomaly,en,Counter-Strike,🔴CS SKIN PRICES ARE GOING CRAZY🔴 !pirateswap,"['English', 'Fat', 'CS2']",['MatureGame'],False
8,2025-04-18 16:02,BushCampDad,en,Fortnite,[DROPS ON] RANKED RELOAD STRAT GUIDE DAY! | USE CODE BUSHCAMPDAD #AD,"['camping', 'Bushcamper', 'treecamper', 'BadPlayerAlert', 'cantbuild', 'FamilyFriendly', 'English', 'wordsonstream', 'DropsEnabled']",[],False
8,2025-04-18 16:02,ohnePixel,en,Minecraft,🔴MINECRAFT HARDCORE WITH @CAEDREL (FINAL TRY)🔴,"['English', 'Esports']",[],False
8,2025-04-18 16:02,Kadeem718,en,League of Legends,My Stream,['English'],[],False
8,2025-04-18 16:03,6peksinged,en,ORDER 13,😈 Mind Controlling here and there | YES I AM the TikTok/Instagram guy (mind control) 🤪 | !discord !opgg !youtube !1v9 !adjustments,"['leagueoflegends', 'Singed', 'English', 'EUW', 'mindcontrol']",[],False
8,2025-04-18 16:03,Shaco_Mid_Lane,en,League of Legends,🤡 😱 NEW SHACO SKIN! AP SHACO MID | CHALLENGER peak  😱🤡 !doc !guide Clown Vibes! HEXTECH CHESTS ARE BACK!,['English'],[],False
9,2025-04-18 20:02,Clix,en,Fortnite,🏆 I HAVE THE FNCS PICKAXE OMG NOWAY | WINNING SOLO CASH CUP 🏆 !vid,"['English', 'DropsEnabled']",[],False
9,2025-04-18 20:02,Sigy,en,Sea of Thieves,🔴Pirating on a Pirate Game🔴39/100🔴!YT !YT2 !tiktok !discord !OperaGX #ad |,['English'],[],True
9,2025-04-18 20:02,JaayMC,en,Minecraft,🌎 Minecraft New Snapshot! | 🌠 Partner Grind Streamathon (Day 20) 🌈 how are you?! | !mod !partner,"['Survival', 'LGBTQ', 'SafeSpace', 'Cape', 'Drops', 'PlayingWithViewers', 'Chill', 'SMP', 'subathon', 'Minecraft']",[],False
9,2025-04-18 20:02,ApexDabi,en,Marvel Rivals,🚨NEW [!DROPS]🚨SEASON 2 RANKED GRIND🚨VANGUARD MAIN🚨 TRAINING ARC🚨DESTROYER OF HAY BALES @ApexDabi,"['DropsEnabled', 'Morocco', 'English', 'PVP', 'ADHD', 'marvel', 'marvelrivals', 'TOP500', 'DROPS']",[],False
9,2025-04-18 20:02,PewDiePie,en,Half-Life: Alyx,∞ Binge @PewDiePie vids 24/7 with chat ∞ !video,"['Minecraft', 'YouTube', 'AlwaysOn', 'English', 'Rerun']",[],True
9,2025-04-18 20:02,driponii,en,Marvel Rivals,[DROPS ENABLED] ABSOLUTELY CHILLIN AND VIBIN TO T500 | !drops !discord !youtube,"['English', 'AuraFarming', 'ViewerInteraction', 'marvelrivals', 'top500', 'blackpanther', 'chill', 'EU', 'drops', 'DropsEnabled']",[],False
9,2025-04-18 20:02,lilsimsie,en,The Sims 2,playing the sims 2 💕,"['SheHer', 'English']",[],False
9,2025-04-18 20:03,SimmerSwig,en,The Sims 4,Whimsy Stories Legacy ✧ (Gen 9: Episode #7),"['sims', 'sims4', 'petcam', 'smallstreamer', 'thesims4', 'English', 'cozyvibes', 'thesims']",[],False
9,2025-04-18 20:03,simsbyfinch,en,The Sims 4,I'm building something too cool - you may not be able to handle it. | !eacreator !onlyfinch,"['English', 'cozy', 'closedcaptions', 'interactive', 'eacreator', 'sims']",[],False
10,2025-04-18 20:23,Joe_Bartolozzi,en,Just Chatting,REACT FRIDAY TIME JOIN JOIN JOIN,['English'],[],False
10,2025-04-18 20:23,Clix,en,Fortnite,🏆 I HAVE THE FNCS PICKAXE OMG NOWAY | WINNING SOLO CASH CUP 🏆 !vid,"['English', 'DropsEnabled']",[],False
10,2025-04-18 20:23,ApexDabi,en,Marvel Rivals,🚨NEW [!DROPS]🚨SEASON 2 RANKED GRIND🚨VANGUARD MAIN🚨 TRAINING ARC🚨DESTROYER OF HAY BALES @ApexDabi,"['DropsEnabled', 'Morocco', 'English', 'PVP', 'ADHD', 'marvel', 'marvelrivals', 'TOP500', 'DROPS']",[],False
10,2025-04-18 20:23,JaayMC,en,Minecraft,🌎 Minecraft Viewer Games! | 🌠 Partner Grind Streamathon (Day 20) 🌈 how are you?! | !mod !partner,"['Survival', 'LGBTQ', 'SafeSpace', 'Cape', 'Drops', 'PlayingWithViewers', 'Chill', 'SMP', 'subathon', 'Minecraft']",[],False
10,2025-04-18 20:24,driponii,en,Marvel Rivals,[DROPS ENABLED] ABSOLUTELY CHILLIN AND VIBIN TO T500 | !drops !discord !youtube,"['English', 'AuraFarming', 'ViewerInteraction', 'marvelrivals', 'top500', 'blackpanther', 'chill', 'EU', 'drops', 'DropsEnabled']",[],False
10,2025-04-18 20:24,PewDiePie,en,Half-Life: Alyx,∞ Binge @PewDiePie vids 24/7 with chat ∞ !video,"['Minecraft', 'YouTube', 'AlwaysOn', 'English', 'Rerun']",[],True
10,2025-04-18 20:24,PushinWood,en,Sea of Thieves,🟣PARTNER PUSH!🟣!GIVEAWAY-DOIN BOAT STUFF! !Controller !TTS !Merch !Discord,"['AMA', 'Skateboarder', 'Multiplayer', 'COMPETITIVE', 'English', 'SoTPartner', 'holidayhoopla']",[],False
10,2025-04-18 20:24,StephanPiache,en,Sea of Thieves,Boat Game - Mega Stash Event,"['ChillPlaythrough', 'NoBackseating', 'English', 'YourMom']",[],False
10,2025-04-18 20:24,WorldofChap,en,Sea of Thieves,FORT FRENZY 🌋 Sloop PVP w/ @ItzDoobin | (!discord) (!youtube) (!tts),"['English', 'roastedsweetpotato', 'Canadian', 'NightmareModeChampion', 'DoubleGoldCurse']",[],False
11,2025-04-19 00:02,Clix,en,Fortnite,🏆 I HAVE THE FNCS PICKAXE OMG NOWAY | WINNING SOLO CASH CUP 🏆 !vid,"['English', 'DropsEnabled']",[],False
11,2025-04-19 00:02,Aspen,en,Overwatch 2,[!DROPS] GETTING MY DRIVES! OMGG !pobox !newvid,"['English', 'DropsEnabled']",[],False
11,2025-04-19 00:03,MrZacCas,en,Just Chatting,"👽Alien Isolation👽, BUT I GOT A FLAMETHROWER","['English', 'Speedrun', 'gaming', 'IRL', 'Speedrunner', 'Australia', 'American', 'drops']",[],False
11,2025-04-19 00:03,NoDamageRocket,en,Marvel Rivals,"NoDmgRocket's Season 2 Comp climb ! [!banned, !elo, !discord, !7tv, !graphics]","['English', 'marvelrivals', 'nomic', 'nodmgrocket', 'NoDamageRocket', 'RocketRaccoon', 'DropsEnabled']",[],False
11,2025-04-19 00:03,Estailus,es,VRChat,GRABANDO VIDEO DE VR EN VIVO,['Español'],[],False
11,2025-04-19 00:03,vulture_ow,en,Overwatch 2,[!DROPS] long stream.... grinding drives. gulp. !discord !newvid,"['English', 'Competitive', 'fps', 'junkrat', 'SewerRat', 'overwatch', 'hashtagawesome', 'DropsEnabled']",[],False
11,2025-04-19 00:03,Leow0ok,en,Minecraft,CART PVP DAY 11.5!!!,['English'],[],False
11,2025-04-19 00:03,BadBoyHalo,en,Minecraft,Realm Day 135 - Foolish Still Dead,"['English', 'Captions', 'translation', 'translations']",[],False
11,2025-04-19 00:03,Sneegsnag,en,Hollow Knight,[DAY 8] play game can't not play game | !subathon,"['English', 'ADHD', 'farts', 'subathon']",[],False
12,2025-04-19 00:21,Clix,en,Fortnite,🏆 I HAVE THE FNCS PICKAXE OMG NOWAY | WINNING SOLO CASH CUP 🏆 !vid,"['English', 'DropsEnabled']",[],False
12,2025-04-19 00:21,Aspen,en,Overwatch 2,[!DROPS] GETTING MY DRIVES! OMGG !pobox !newvid,"['English', 'DropsEnabled']",[],False
12,2025-04-19 00:21,NoDamageRocket,en,Marvel Rivals,"NoDmgRocket's Season 2 Comp climb ! [!banned, !elo, !discord, !7tv, !graphics]","['English', 'marvelrivals', 'nomic', 'nodmgrocket', 'NoDamageRocket', 'RocketRaccoon', 'DropsEnabled']",[],False
12,2025-04-19 00:21,TheRag1ng,en,Just Chatting,🟥🟦 I LOVE VIDEO GAMES || !discord !specs 🟦🟥,"['English', 'caseoh', 'rage', 'raging', 'LGBTQFriendly', 'marvelrivals', 'ADHD', 'MentalHealthAware', 'TheRaging']",[],False
12,2025-04-19 00:21,Estailus,es,VRChat,GRABANDO VIDEO DE VR EN VIVO,['Español'],[],False
12,2025-04-19 00:21,MrZacCas,en,Call of Duty: Warzone,🥇 Going for My First Win... Again... and Again... and Again 🥇,"['English', 'Speedrun', 'gaming', 'IRL', 'Speedrunner', 'Australia', 'American', 'drops']",['MatureGame'],False
12,2025-04-19 00:21,YYoshiiiiii,en,EA Sports FC 25,210-0 WL SUPER TEAM CHAMPS | !YOUTUBE !TACTICS !DISCORD !COACHING,"['English', 'competitive', 'vibes', 'passion']",[],False
12,2025-04-19 00:21,zwebackhd,en,EA Sports FC 25,(+)🥶 TOTS WARM UP IS HERE!! NOT SAVING PACKS!! COLD EVO CONTENT?!? Friday RTG Vibin' !merch !prime,"['FIFA', 'SPORTS', 'SOCCER', 'English', 'FC']",[],False
12,2025-04-19 00:21,Hectic,en,EA Sports FC 25,🔴120 PICKS🔴SPEED CHAMPS RUN🔴AWESOMENESS🔴SO POSITIVE🔴NOT SUS🔴WOO HOO🔴,"['English', 'soccer', 'Football', 'Golf']",[],False
13,2025-04-20 08:02,Oatley,en,Fortnite,"(!DROPS ON) WATCHING OCE FNCS GROUP STAGE | Code ""Oatley"" #ad | !socials !youtube !fncs","['FamilyFriendly', 'Fortnite', 'BattleRoyale', 'Multiplayer', 'Competitive', 'Professional', 'Positivity', 'PC', 'English', 'DropsEnabled']",[],False
13,2025-04-20 08:02,Necros,en,Marvel Rivals,[!DROPS ENABLED] 100% WITHOUT A DOUBT BEATING THE PART TIME STREAMER ALLEGATIONS TODAY !tierlist,"['English', 'spiderman', 'blackpanther', 'DropsEnabled']",[],False
13,2025-04-20 08:03,ow_esports,en,Overwatch 2,[DROPS] OWCS Champions Clash 2025 | Day 3,"['Esports', 'English', 'fps', 'Shooter', 'Action', 'overwatch2', 'drops', 'OWCS', 'faceit', 'DropsEnabled']",[],False
13,2025-04-20 08:03,Stewie2K,en,Counter-Strike,happy 4/20  | !socials !discord !tradeit,['English'],['MatureGame'],False
13,2025-04-20 08:03,VALORANT_Pacific,en,VALORANT,DRX vs. GEN - VCT Pacific - Stage 1 - Group Stage - Day 14,"['VCTPacific', 'VCT', 'VALORANT', 'English', 'VCTP', 'RisePacific']",[],False
13,2025-04-20 08:03,Emongg,en,Overwatch 2,[!DROPS OWCS ENABLED] OWCS FINALS DAY NEW OWCS DROPS,"['English', 'DropsEnabled']",[],False
13,2025-04-20 08:03,OffenddCamel,en,ASKA,"Nerdy Pirates, Zero Plans⚓ | @offenddcamel on socials | !instantgaming !ko-fi !d20 !gift","['English', 'Arabic', 'SeaOfThievesPartner', 'PvP', 'PvE', 'KSA']",[],False
13,2025-04-20 08:03,KeepinitTwisted,en,Sea of Thieves,Plunder Responsibly… Mostly. Ish. Kinda + PLUNDER PASS GIVEAWAY and MORE!  !PIXELS ☆ TTS 200 ☆ !HAT ☆ !feet ☆  !spotlight ☆  !candy,"['TwitchPartner', 'BackseatGamingAllowed', 'Over40Gamer', 'English', 'PositiveVibes', 'ADHD', 'SeaOfThievesPartner', 'MenieresDisease']",[],False
13,2025-04-20 08:03,Esteri,en,Sea of Thieves,!giveaway 🧡  fort thievery with @clublock,"['English', 'chatty', 'australia', 'PVP', 'OCE', 'StreamlootsPartner', 'SeaOfThievesPartner']",[],False
14,2025-04-20 08:17,Oatley,en,Fortnite,"(!DROPS ON) WATCHING OCE FNCS GROUP STAGE | Code ""Oatley"" #ad | !socials !youtube !fncs","['FamilyFriendly', 'Fortnite', 'BattleRoyale', 'Multiplayer', 'Competitive', 'Professional', 'Positivity', 'PC', 'English', 'DropsEnabled']",[],False
14,2025-04-20 08:17,Necros,en,Marvel Rivals,[!DROPS ENABLED] 100% WITHOUT A DOUBT BEATING THE PART TIME STREAMER ALLEGATIONS TODAY !tierlist,"['English', 'spiderman', 'blackpanther', 'DropsEnabled']",[],False
14,2025-04-20 08:17,ow_esports,en,Overwatch 2,[DROPS] OWCS Champions Clash 2025 | Day 3,"['Esports', 'English', 'fps', 'Shooter', 'Action', 'overwatch2', 'drops', 'OWCS', 'faceit', 'DropsEnabled']",[],False
14,2025-04-20 08:17,Stewie2K,en,Counter-Strike,happy 4/20  | !socials !discord !tradeit,['English'],['MatureGame'],False
14,2025-04-20 08:17,VALORANT_Pacific,en,VALORANT,NS vs. ZETA - VCT Pacific - Stage 1 - Group Stage - Day 14,"['VCTPacific', 'VCT', 'VALORANT', 'English', 'VCTP', 'RisePacific']",[],False
14,2025-04-20 08:17,Emongg,en,Overwatch 2,[!DROPS OWCS ENABLED] OWCS FINALS DAY NEW OWCS DROPS,"['English', 'DropsEnabled']",[],False
15,2025-04-21 04:03,Oatley,en,Fortnite,"$15,000 AUSSIE ANTICS SQUAD CUP | Code ""Oatley"" #ad | !socials !youtube !grands !delay","['FamilyFriendly', 'Fortnite', 'BattleRoyale', 'Multiplayer', 'Competitive', 'Professional', 'Positivity', 'PC', 'English']",[],False
15,2025-04-21 04:03,Nautilifts,en,Marvel Rivals,☢️RANK #1 BRUCE BANNER☢️ || HARDSTUCK GRIND // long stream ➔ !tiktok !discord,"['English', 'chill', 'aura', 'Marvel', 'marvelrivals', 'BruceBanner', 'DropsEnabled']",[],False
15,2025-04-21 04:04,jingggxd,en,VALORANT,GOOODMORNINGGG =D !newvid !tiktok !match !nightmarket,['English'],[],False
15,2025-04-21 04:04,BushCampDadVODs,en,Fortnite,BushCampDad 24/7,"['Fortnite', 'bushcampdad', 'Bushcamper', 'bushcamping', 'bushcamp', 'FamilyFriendly', 'Rerun', 'English']",[],False
15,2025-04-21 04:04,Grimm,en,VALORANT,🔴GRIM WALL🔴SAGE WALL🔴BEST TO EVER DO IT🔴NIGHT STREAM GAMING🔴YOU WERE HERE🔴RADIANT RANKED GREATNESS🔴,['English'],[],False
15,2025-04-21 04:04,TheRag1ng,en,Marvel Rivals,🟥🟦 [!DROPS ON] TOP 500 OR I EXPLODE IN-GAME || !discord !specs 🟦🟥,"['English', 'caseoh', 'rage', 'raging', 'LGBTQFriendly', 'marvelrivals', 'ADHD', 'MentalHealthAware', 'TheRaging', 'DropsEnabled']",[],False
15,2025-04-21 04:04,louisemcjagger,en,Co-working & Studying,💼 WORK WITH ME | ⏰POMO 50/10 | Songs that we're familiar with. 😏 | !task !done !pomo,"['English', '18plus', 'safespace', 'Chatty', 'LGBTQFriendly', 'Filipino', 'BodyPositive']",[],False
15,2025-04-21 04:04,GeekDadTTV,en,Disney Dreamlight Valley,#203 - Let's get ready for Alice on Wednesday!  how was your weekend?  Let';s see what we can do for a bit before the update!,"['GenX', 'DadGamer', 'SafeSpace', 'AllyLGBTQIA', 'PS5', 'English', 'FamilyFriendly']",[],False
15,2025-04-21 04:04,LucyL,en,The Sims 4,FALLOUT INSPIRED SIMS! ~ SIMS LEGACY CHALLENGE GEN 6 ~ CODE LUCY! #ad | !socials !wishlist 🌈 [AUS] 🍉 !STRIKE,"['English', 'NeatDude', 'LGBTQIAPlus', 'ADHD', 'legacychallenge']",[],False
16,2025-04-21 04:23,Oatley,en,Fortnite,"$15,000 AUSSIE ANTICS SQUAD CUP | Code ""Oatley"" #ad | !socials !youtube !grands !delay","['FamilyFriendly', 'Fortnite', 'BattleRoyale', 'Multiplayer', 'Competitive', 'Professional', 'Positivity', 'PC', 'English']",[],False
16,2025-04-21 04:23,VALORANT_Pacific,en,VALORANT,DFM vs. BME - VCT Pacific - Stage 1 - Group Stage - Day 15,"['VCTPacific', 'VCT', 'VALORANT', 'English', 'VCTP', 'RisePacific']",[],False
16,2025-04-21 04:23,Nautilifts,en,Marvel Rivals,☢️RANK #1 BRUCE BANNER☢️ || HARDSTUCK GRIND // long stream ➔ !tiktok !discord,"['English', 'chill', 'aura', 'Marvel', 'marvelrivals', 'BruceBanner', 'DropsEnabled']",[],False
16,2025-04-21 04:23,jingggxd,en,VALORANT,GOOODMORNINGGG =D !newvid !tiktok !match !nightmarket,['English'],[],False
16,2025-04-21 04:23,BushCampDadVODs,en,Fortnite,BushCampDad 24/7,"['Fortnite', 'bushcampdad', 'Bushcamper', 'bushcamping', 'bushcamp', 'FamilyFriendly', 'Rerun', 'English']",[],False
16,2025-04-21 04:24,TheRag1ng,en,Marvel Rivals,🟥🟦 [!DROPS ON] TOP 500 OR I EXPLODE IN-GAME || !discord !specs 🟦🟥,"['English', 'caseoh', 'rage', 'raging', 'LGBTQFriendly', 'marvelrivals', 'ADHD', 'MentalHealthAware', 'TheRaging', 'DropsEnabled']",[],False
16,2025-04-21 04:24,Stewie2K,en,Counter-Strike,"HOUSTON, WE HAVE A PROBLEM...CURRY DOIN IT AGAIN  | !socials !discord !tradeit",['English'],['MatureGame'],False
16,2025-04-21 04:24,coopertv,en,Counter-Strike,🔴 Liquid vs Virtus.Pro 🔴 IEM Melbourne 🔴,['English'],['MatureGame'],False
16,2025-04-21 04:24,Gratisfaction,en,Counter-Strike,HELPING THE PROS WARMUP! (FACEIT),"['English', 'ExProfessionalBoomerGamer', 'GlobalElite', 'faceitlvl10']",['MatureGame'],False
17,2025-04-22 04:06,TypicalGamer,en,Fortnite,👑 RANKED DUOS 👑 w/ @richhomiequinn,"['English', 'PC', 'Multiplayer', 'PvP', 'Fortnite']",[],False
17,2025-04-22 04:08,GURU,en,Marvel Rivals,⚠️ !DROPS ⚠️ LORD EMMA | LONG STREAM. LURK FOR EASY DROPS HERE,"['Educational', 'English', 'tank', 'Coaching', 'DropsEnabled', 'marvelrivals']",[],False
17,2025-04-22 04:08,sinatraa,en,Marvel Rivals,[DROPS] RANKED,"['English', 'DropsEnabled']",[],False
17,2025-04-22 04:09,Oatley,en,Fortnite,"NEW FORTNITE UPDATE | Code ""Oatley"" #ad | !socials !youtube !grands","['FamilyFriendly', 'Fortnite', 'BattleRoyale', 'Multiplayer', 'Action', 'Competitive', 'Professional', 'Positivity', 'PC', 'English']",[],False
17,2025-04-22 04:09,PLAYTO_ow,en,Overwatch 2,[DROPS]  🟨 TOP500 BASTION 🟨 6v6 W/ Rosin,"['furry', 'English', 'Pastafarian', 'Burger', 'eboy', 'Forehead', 'DropsEnabled']",[],False
18,2025-04-22 04:26,TypicalGamer,en,Fortnite,👑 RANKED DUOS 👑 w/ @richhomiequinn,"['English', 'PC', 'Multiplayer', 'PvP', 'Fortnite']",[],False
18,2025-04-22 04:26,TenZ,en,VALORANT,stream from japan,"['English', 'Anime', 'FPS', 'tenz']",[],False
18,2025-04-22 04:26,GURU,en,Marvel Rivals,⚠️ !DROPS ⚠️ LORD EMMA | LONG STREAM. LURK FOR EASY DROPS HERE,"['Educational', 'English', 'tank', 'Coaching', 'DropsEnabled', 'marvelrivals']",[],False
18,2025-04-22 04:26,sinatraa,en,Marvel Rivals,[DROPS] RANKED,"['English', 'DropsEnabled']",[],False
18,2025-04-22 04:26,PLAYTO_ow,en,Overwatch 2,[DROPS]  🟨 TOP500 BASTION 🟨 6v6 W/ Rosin,"['furry', 'English', 'Pastafarian', 'Burger', 'eboy', 'Forehead', 'DropsEnabled']",[],False
18,2025-04-22 04:26,Oatley,en,Fortnite,"NEW FORTNITE UPDATE | Code ""Oatley"" #ad | !socials !youtube !grands","['FamilyFriendly', 'Fortnite', 'BattleRoyale', 'Multiplayer', 'Action', 'Competitive', 'Professional', 'Positivity', 'PC', 'English']",[],False
18,2025-04-22 04:26,vulture_ow,en,Overwatch 2,"[DROPS] last day grinding for gm again.,.. !discord !newvid","['English', 'Competitive', 'fps', 'junkrat', 'SewerRat', 'overwatch', 'hashtagawesome', 'DropsEnabled']",[],False
18,2025-04-22 04:26,lightt,en,Overwatch 2,LAST DAY GRINDING DRIVES BEFORE HERO BANS/FREJA OMG,"['English', 'unemployed', 'DropsEnabled']",['ProfanityVulgarity'],True
18,2025-04-22 04:26,colourhex,en,Overwatch 2,[!DROPS] NEW VIDEO !newvid !vid | The Final Day Is Upon Us.,"['English', 'top500', 'ADHD', 'DPS', 'Overwatch2', 'Australia', 'NZL', 'NewZealand', 'chill', 'DropsEnabled']",[],False
19,2025-04-22 04:41,August,en,Overwatch 2,🔴[!DROPS ON]🔴COMP DRIVES GAMING! SUPPORTING! (on an alt) THEN MORE STADIUM! WOOOHOOO! LET'S A GO!,"['Kiriko', 'Support', 'ADHD', 'Anime', 'Top500', 'English', 'Ana', 'Juno', 'DropsEnabled']",[],False
19,2025-04-22 04:41,TypicalGamer,en,Fortnite,👑 RANKED DUOS 👑 w/ @richhomiequinn,"['English', 'PC', 'Multiplayer', 'PvP', 'Fortnite']",[],False
19,2025-04-22 04:41,TenZ,en,VALORANT,stream from japan,"['English', 'Anime', 'FPS', 'tenz']",[],False
19,2025-04-22 04:41,PLAYTO_ow,en,Overwatch 2,[DROPS]  🟨 TOP500 BASTION 🟨 6v6 W/ Rosin,"['furry', 'English', 'Pastafarian', 'Burger', 'eboy', 'Forehead', 'DropsEnabled']",[],False
19,2025-04-22 04:41,GURU,en,Marvel Rivals,⚠️ !DROPS ⚠️ LORD EMMA | LONG STREAM. LURK FOR EASY DROPS HERE,"['Educational', 'English', 'tank', 'Coaching', 'DropsEnabled', 'marvelrivals']",[],False
19,2025-04-22 04:41,Oatley,en,Fortnite,"NEW FORTNITE UPDATE | Code ""Oatley"" #ad | !socials !youtube !grands","['FamilyFriendly', 'Fortnite', 'BattleRoyale', 'Multiplayer', 'Action', 'Competitive', 'Professional', 'Positivity', 'PC', 'English']",[],False
19,2025-04-22 04:41,Andr3wOW,en,Marvel Rivals,"[RERUN] ☆ RANK 1 VENOM GLOBAL ""WHYANDR3W"" ☆ MAKING STREAMERS RAGE !VIDEO ☆ VORTEX X ANDR3W COLLAB !vortex !pc","['English', 'Venom', 'Magneto', 'Competitive', 'Vanguard', 'Educational', 'Top500', 'EmmaFrost']",[],False
19,2025-04-22 04:41,eatinpizzarn,en,Marvel Rivals,Grrr mondays,"['speedrunning', 'drops', 'English']",[],False
19,2025-04-22 04:41,Kephrii,en,Marvel Rivals,!DROPS // Torch & Widow Abuser [Eternity Peak],"['English', 'Widowmaker', 'ClosedCaptions', 'DPS', 'Top500', 'Overwatch', 'BlackWidow', 'Marvel', 'Eternity', 'HumanTorch']",[],False
20,2025-04-22 16:02,ClownPierce,en,The Elder Scrolls IV: Oblivion Remastered,Oblivion Remastered IS HERE!!!!,"['English', 'RPG', 'minecraft', 'eldenring', 'Variety', 'clown']",['MatureGame'],False
20,2025-04-22 16:02,BushCampDad,en,Fortnite,NEW TMNT SKINS RIGHT NOW!!! | USE CODE BUSHCAMPDAD #AD,"['camping', 'Bushcamper', 'treecamper', 'BadPlayerAlert', 'cantbuild', 'FamilyFriendly', 'English', 'wordsonstream']",[],False
20,2025-04-22 16:02,hamilton0w,en,Overwatch 2,[!DROPS] NEW SEASON AND AFFILIATE ANNIVERSARY?!?!?! | !newvid !discord !tiktok,"['English', 'SupportMain', 'Competitive', 'DropsEnabled']",[],False
20,2025-04-22 16:02,Emongg,en,Overwatch 2,[!DROPS ENABLED] SEASON 16 TODAY 2 PM EST - STADIUM OUT TODAY - NEW DROPS,"['English', 'DropsEnabled']",[],False
20,2025-04-22 16:02,FroggerOW,en,Overwatch 2,[DROPS ON!] SEASON 16 OH MY GOD HERO BANS AND STADIUM!!!,"['Australian', 'English', 'DropsEnabled']",[],False
20,2025-04-22 16:02,thefreddymc,en,Minecraft,👽 SUB 27:00 YAPRUNS 👽 PB: 27:57 Posted on  !YouTube 👽 $250 Fan Art Contest !fanart 👽 !Discord 👽 !pb,['English'],[],False
20,2025-04-22 16:02,MizterLucas,en,Sea of Thieves,Ahoy! | Fueled by Pineapple and Bad Decisions | !discord !ginaarena,"['English', 'PineappleParkour', 'PvP', 'SoTPartner', 'seaofthieves', 'Adventure', 'Cooking']",[],False
20,2025-04-22 16:02,ToxieSinclaire,en,Sea of Thieves,🏴‍☠️HUNTING MEGA STASH FORTS 20/32 🏴‍☠️!youtube !Discord !Twitter 🏳️‍⚧️,"['English', 'Trans', 'LGBTQPlus']",[],False
20,2025-04-22 16:02,BriittyBear,en,Sea of Thieves,Tuesday nonsense!! *BriittyBear.com* TTS200 (!keg)(!merch),"['Hype', 'Chatty', 'MentalHealth', 'LGBTQIA', 'SeaOfThievesPartner', 'NormalHands', 'NormalForehead', 'HighEnergy']",[],False
21,2025-04-23 04:03,Oatley,en,Fortnite,"WATCHING OCE FNCS LAST CHANCE | Code ""Oatley"" #ad | !socials !youtube !grands","['FamilyFriendly', 'Fortnite', 'BattleRoyale', 'Multiplayer', 'Action', 'Competitive', 'Professional', 'Positivity', 'PC', 'English']",[],False
21,2025-04-23 04:04,August,en,Overwatch 2,🔴[!DROPS ON]🔴SEASON 16 GAMING! JUNO MYTHIC! STADIUM! HERO BANS! NEW SKINS! SUPPORTING! WOOOHOOOO!,"['Kiriko', 'Support', 'ADHD', 'Anime', 'Top500', 'English', 'Ana', 'Juno', 'DropsEnabled']",[],False
21,2025-04-23 04:04,omareloff,en,Grand Theft Auto V,🔵 WE WIBIN TONIGHT 🔵 !Mohsin 🔵 !Displate 🔵 !insta 🔵 LiquidRP 🔵 Jose Exotic 🔵 GTA 5 RP 🔵 CS2 🔵 GYM: 5,['English'],['MatureGame'],False
21,2025-04-23 04:04,Nautilifts,en,Marvel Rivals,"☢️RANK #1 BRUCE BANNER☢️ || RIVALS, THEN OBLIVION REMASTER? // long stream ➔ !tiktok !discord","['English', 'chill', 'aura', 'Marvel', 'marvelrivals', 'BruceBanner', 'DropsEnabled']",[],False
21,2025-04-23 04:04,Gale,en,Marvel Rivals,[DROPS✔️] DUELIST GOD - PATH TO ETERNITY,"['English', 'DropsEnabled', 'marvelrivals']",[],False
21,2025-04-23 04:04,chosen_ow,en,Overwatch 2,[!DROPS ✅] #1 ILLARI SUBATHON (LONG STREAM) 🔴 CHAMPION SUPPORT 6v6 & 5v5 🔴 STADIUM GRIND 🔴 SUB = +10 MIN (100 HOUR CAP) !GOALS,"['English', 'top500', 'Illari', 'overwatch', 'Competitive', 'femboy', 'DropsEnabled']",[],False
21,2025-04-23 04:04,Mace,en,Marvel Rivals,[DROPS]🔴ETERNITY GRIND🔴GRINDING WITH THE BOYS🔴!newvid !discord,"['English', 'drops', 'Brigitte', 'Educational', 'magneto', 'marvelrivals', 'Mace', 'DropsEnabled', 'Coaching']",[],False
21,2025-04-23 04:04,eatinpizzarn,en,Marvel Rivals,gfgbdfggfgfd,"['speedrunning', 'drops', 'English', 'DropsEnabled']",[],False
21,2025-04-23 04:04,Raylene,en,Marvel Rivals,!DROPS GM3 (current) RANKED ADAM/LUNA/LOKI #MarvelRivals,"['English', 'DropsEnabled']",[],False
